date,condo_id,crab_id,outcome,sex,hemo_col,hemo_ri,status,shell_hardness,cw,mass,digital_ri,ca,start_end
6/18/21,WL,BG,Dead,F,NA,NA,A,3,NA,NA,NA,NA,start
7/12/21,WL,BG,Dead,F,NA,NA,D,NA,NA,NA,NA,NA,end
6/10/21,WL,BGBG,Molted,M,NA,NA,A,3,NA,NA,NA,NA,start
7/1/21,WL,BGBG,Molted,M,NA,NA,M,3,NA,NA,NA,NA,end
6/18/21,WL,BGBK,Removed,M,NA,NA,A,3,NA,NA,NA,NA,start
7/22/21,WL,BGBK,Removed,M,NA,NA,A,3,NA,NA,NA,NA,end
6/3/21,WL,BGBR,Removed,M,NA,NA,A,3,NA,NA,NA,NA,start
6/14/21,WL,BGBR,Removed,M,NA,7.5,A,3,NA,NA,NA,NA,end
6/3/21,WL,BGBW,Dead,M,NA,NA,A,3,NA,NA,NA,NA,start
7/15/21,WL,BGBW,Dead,M,NA,NA,D,NA,NA,NA,NA,NA,end
6/18/21,WL,BGBY,Removed,M,NA,NA,A,3,NA,NA,NA,NA,start
7/22/21,WL,BGBY,Removed,M,NA,NA,A,3,NA,NA,NA,NA,end
6/3/21,WL,BGG,Molted,M,NA,NA,A,2,NA,NA,NA,NA,start
6/21/21,WL,BGG,Molted,M,NA,5.5,M,1,NA,NA,NA,NA,end
6/18/21,WL,BGGG,NA,M,NA,NA,A,3,NA,NA,NA,NA,start
7/19/21,WL,BGGG,NA,M,NA,5,A,3,NA,NA,NA,NA,end
6/10/21,WL,BGGK,Missing,M,NA,NA,A,3,NA,NA,NA,NA,start
7/8/21,WL,BGGK,Missing,M,NA,NA,A,3,NA,NA,NA,NA,end
6/18/21,WL,BGGR,Removed,F,NA,NA,A,3,NA,NA,NA,NA,start
7/8/21,WL,BGGR,Removed,F,NA,NA,A,3,NA,NA,NA,NA,end
6/3/21,WL,BGGW,Removed,M,NA,NA,A,3,NA,NA,NA,NA,start
7/15/21,WL,BGGW,Removed,M,NA,NA,A,3,NA,NA,NA,NA,end
6/10/21,WL,BGKG,Molted,M,NA,NA,A,3,NA,NA,NA,NA,start
7/19/21,WL,BGKG,Molted,M,NA,NA,M,1,NA,NA,NA,NA,end
6/3/21,WL,BGKK,Removed,M,NA,NA,A,3,NA,NA,NA,NA,start
6/14/21,WL,BGKK,Removed,M,NA,6,A,3,NA,NA,NA,NA,end
6/18/21,WL,BGKR,Removed,M,NA,NA,A,3,NA,NA,NA,NA,start
7/22/21,WL,BGKR,Removed,M,NA,NA,A,3,NA,NA,NA,NA,end
6/18/21,WL,BGKW,Missing,M,NA,NA,A,3,NA,NA,NA,NA,start
6/24/21,WL,BGKW,Missing,M,NA,NA,A,3,NA,NA,NA,NA,end
6/3/21,WL,BGKY,Molted,M,NA,NA,A,3,NA,NA,NA,NA,start
6/14/21,WL,BGKY,Molted,M,NA,5.5,M,1,NA,NA,NA,NA,end
6/3/21,WL,BGR,Removed,M,NA,NA,A,3,NA,NA,NA,NA,start
6/14/21,WL,BGR,Removed,M,NA,3,A,3,NA,NA,NA,NA,end
6/10/21,WL,BGRG,Removed,M,NA,NA,A,3,NA,NA,NA,NA,start
6/14/21,WL,BGRG,Removed,M,NA,4.5,A,3,NA,NA,NA,NA,end
6/10/21,WL,BGRK,Removed,M,NA,NA,A,3,NA,NA,NA,NA,start
6/14/21,WL,BGRK,Removed,M,NA,3,A,3,NA,NA,NA,NA,end
6/10/21,WL,BGRR,Removed,M,NA,NA,A,3,NA,NA,NA,NA,start
6/14/21,WL,BGRR,Removed,M,NA,3.5,A,3,NA,NA,NA,NA,end
6/18/21,WL,BGW,Removed,M,NA,NA,A,3,NA,NA,NA,NA,start
7/22/21,WL,BGW,Removed,M,NA,NA,A,3,NA,NA,NA,NA,end
6/10/21,WL,BGWG,Removed,M,NA,NA,A,3,NA,NA,NA,NA,start
6/14/21,WL,BGWG,Removed,M,NA,4,A,3,NA,NA,NA,NA,end
6/10/21,WL,BGWK,Removed,M,NA,NA,A,2,NA,NA,NA,NA,start
6/14/21,WL,BGWK,Removed,M,NA,3,A,2,NA,NA,NA,NA,end
6/18/21,WL,BGWR,Dead,F,NA,NA,A,3,NA,NA,NA,NA,start
6/28/21,WL,BGWR,Dead,F,NA,8.5,A,3,NA,NA,NA,NA,end
6/10/21,WL,BGWW,Removed,M,NA,NA,A,2,NA,NA,NA,NA,start
6/14/21,WL,BGWW,Removed,M,NA,2.5,A,2,NA,NA,NA,NA,end
6/10/21,WL,BGWY,Removed,M,NA,NA,A,2,NA,NA,NA,NA,start
6/14/21,WL,BGWY,Removed,M,NA,3.5,A,3,NA,NA,NA,NA,end
6/18/21,WL,BGYG,Removed,M,NA,NA,A,3,NA,NA,NA,NA,start
6/21/21,WL,BGYG,Removed,M,NA,10,A,3,NA,NA,NA,NA,start
7/22/21,WL,BGYG,Removed,M,NA,NA,A,3,NA,NA,NA,NA,end
6/10/21,WL,BGYK,Removed,M,NA,NA,A,2,NA,NA,NA,NA,start
6/14/21,WL,BGYK,Removed,M,NA,4,A,3,NA,NA,NA,NA,end
6/3/21,WL,BGYR,Removed,M,NA,NA,A,3,NA,NA,NA,NA,start
7/15/21,WL,BGYR,Removed,M,NA,NA,A,3,NA,NA,NA,NA,end
6/10/21,WL,BGYW,Removed,M,NA,NA,A,3,NA,NA,NA,NA,start
6/14/21,WL,BGYW,Removed,M,NA,4.5,A,3,NA,NA,NA,NA,end
6/3/21,WL,BGYY,Removed,M,NA,NA,A,3,NA,NA,NA,NA,start
6/14/21,WL,BGYY,Removed,M,NA,8,A,3,NA,NA,NA,NA,end
6/13/22,WL,GBB,Molted,M,2,5.5,A,3,NA,NA,NA,NA,start
7/14/22,WL,GBB,Molted,M,1,3.5,M,1,54,NA,3.9,335,end
6/13/22,WL,GBBB,Missing,M,3,5,A,3,NA,NA,NA,NA,start
6/21/22,WL,GBBB,Missing,M,1,4,A,3,NA,NA,NA,226,end
6/13/22,WL,GBBW,Dead,M,3,5,A,3,NA,NA,NA,NA,start
6/28/22,WL,GBBW,Dead,M,NA,NA,D,NA,NA,NA,NA,251,end
5/31/22,WL,GBG,Removed,M,1,10,A,3,NA,NA,NA,NA,start
6/21/22,WL,GBG,Removed,M,2,9.5,A,3,NA,NA,NA,346,end
6/2/22,WL,GBG,Removed,M,4,8.5,A,3,NA,NA,NA,NA,start
5/19/22,WL,GBGB,Molted,M,NA,NA,M,2,53,36.4,NA,NA,end
5/31/22,WL,GBGB,Molted,M,3,12,A,3,NA,NA,NA,NA,start
5/19/22,WL,GBGG,Molted,M,3,5,M,2,61,52.6,NA,NA,end
6/13/22,WL,GBGG,Molted,M,3,11.5,A,3,NA,NA,NA,NA,start
6/13/22,WL,GBGK,Removed,M,4,9,A,3,NA,NA,9.0,354,end
7/7/22,WL,GBGK,Removed,M,1,6,A,3,NA,NA,NA,NA,start
6/21/22,WL,GBGK,Removed,M,3,4.5,A,3,NA,NA,NA,NA,end
5/19/22,WL,GBGR,Removed,M,1,3.5,A,3,NA,NA,NA,NA,start
6/13/22,WL,GBGR,Removed,M,NA,NA,D,NA,NA,NA,NA,NA,end
5/19/22,WL,GBGW,Dead,M,3,9.5,A,3,NA,NA,NA,NA,start
6/6/22,WL,GBGW,Dead,M,1,5,M,1,60,52.3,NA,NA,end
5/19/22,WL,GBGY,Molted,M,3,10,A,3,NA,NA,NA,NA,start
5/23/22,WL,GBGY,Molted,M,NA,NA,D,NA,NA,NA,NA,NA,end
5/19/22,WL,GBKR,Molted,M,1,3.5,A,3,NA,NA,NA,NA,start
6/6/22,WL,GBKR,Molted,M,3,6.5,A,3,NA,NA,NA,NA,end
6/13/22,WL,GBRK,Removed,M,1,5,A,3,NA,NA,5.3,346,start
7/7/22,WL,GBRK,Removed,M,3,5.5,A,3,NA,NA,NA,NA,end
6/13/22,WL,GBRR,Missing,M,2,5,A,3,NA,NA,5.1,496,start
7/7/22,WL,GBRR,Missing,M,3,11,A,3,NA,NA,NA,NA,end
5/19/22,WL,GBRY,Dead,M,1,3.5,A,3,NA,NA,NA,NA,start
6/6/22,WL,GBRY,Dead,M,3,11,A,3,NA,NA,NA,NA,end
5/19/22,WL,GBWB,Removed,M,4,10,A,3,NA,NA,NA,NA,start
6/13/22,WL,GBWB,Removed,M,3,8,A,3,NA,NA,NA,NA,end
5/19/22,WL,GBWK,Molted,M,3,8.5,A,3,NA,NA,NA,NA,start
6/6/22,WL,GBWK,Molted,M,3,10,A,3,NA,NA,NA,NA,end
6/13/22,WL,GBWR,Removed,M,3,11,A,3,NA,NA,10.0,352,start
7/7/22,WL,GBWR,Removed,M,4,13.5,A,3,NA,NA,NA,NA,end
5/19/22,WL,GBWW,Dead,M,3,9,A,3,NA,NA,NA,NA,start
6/6/22,WL,GBWW,Dead,M,3,7,A,3,NA,NA,NA,NA,end
5/19/22,WL,GBWY,Removed,M,3,11,A,3,NA,NA,NA,NA,start
5/31/22,WL,GBWY,Removed,M,3,9,A,3,NA,NA,NA,NA,end
5/19/22,WL,GBY,Removed,M,2,2.5,A,3,NA,NA,NA,NA,start
6/13/22,WL,GBY,Removed,M,4,11,A,3,NA,NA,NA,NA,end
5/19/22,WL,GBYB,Molted,M,5,10,A,3,NA,NA,NA,NA,start
5/31/22,WL,GBYB,Molted,M,3,13,A,3,NA,NA,NA,NA,end
5/19/22,WL,GBYG,Removed,M,2,11,A,3,NA,NA,NA,NA,start
6/13/22,WL,GBYG,Removed,M,3,7,A,3,NA,NA,NA,NA,end
5/19/22,WL,GBYR,Dead,M,1,5.5,A,3,NA,NA,NA,NA,start
6/6/22,WL,GBYR,Dead,M,NA,NA,D,3,NA,NA,NA,NA,end
5/19/22,WL,GBYY,Removed,M,3,11,A,3,NA,NA,NA,NA,start
6/8/22,WL,GBYY,Removed,M,3,8,A,3,NA,NA,NA,NA,end
5/19/22,WL,GGBG,Removed,M,3,9,A,3,NA,NA,NA,NA,start
6/13/22,WL,GGBG,Removed,M,5,8,A,3,NA,NA,NA,NA,end
6/2/22,WL,GGBR,Molted,M,3,10,A,3,NA,NA,NA,NA,start
6/13/22,WL,GGBR,Molted,M,NA,NA,MIA,NA,NA,NA,NA,NA,end
5/19/22,WL,GGBW,Removed,M,3,9,A,3,NA,NA,NA,NA,start
6/13/22,WL,GGBW,Removed,M,3,6,A,3,NA,NA,NA,NA,end
5/19/22,WL,GGBY,Molted,M,3,11.5,A,3,NA,NA,NA,NA,start
5/31/22,WL,GGBY,Molted,M,NA,NA,M,2,53,35.1,NA,NA,end
6/13/22,WL,GGG,Removed,M,3,7.5,A,3,NA,NA,NA,NA,start
7/7/22,WL,GGG,Removed,M,3,6,A,3,NA,NA,6.1,313,end
5/19/22,WL,GGGG,Dead,M,1,7,A,3,NA,NA,NA,NA,start
6/6/22,WL,GGGG,Dead,M,NA,NA,D,NA,NA,NA,NA,NA,end
5/31/22,WL,GGGW,Molted,M,3,10.5,A,3,NA,NA,NA,NA,start
6/13/22,WL,GGGW,Molted,M,3,7,P,3,NA,NA,NA,NA,end
5/23/22,WL,GGGY,Molted,M,4,10,A,3,NA,NA,NA,NA,start
5/19/22,WL,GGGY,Molted,M,4,12.5,A,3,NA,NA,NA,NA,end
5/19/22,WL,GGKG,Molted,M,1,6,A,3,NA,NA,NA,NA,start
6/2/22,WL,GGKG,Molted,M,3,9.5,A,3,NA,NA,NA,NA,end
5/19/22,WL,GGKR,Molted,M,1,7,A,3,NA,NA,NA,NA,start
6/13/22,WL,GGKR,Molted,M,2,12.5,A,3,NA,NA,NA,NA,end
5/19/22,WL,GGRK,Removed,M,2,5,A,3,NA,NA,NA,NA,start
6/13/22,WL,GGRK,Removed,M,4,11.5,A,3,NA,NA,NA,NA,end
5/19/22,WL,GGRR,Dead,M,3,10,A,3,NA,NA,NA,NA,start
6/2/22,WL,GGRR,Dead,M,2,4,A,3,NA,NA,NA,NA,end
6/13/22,WL,GGW,Molted,M,3,11,A,3,NA,NA,11.9,403,start
6/21/22,WL,GGW,Molted,M,3,8,A,3,NA,NA,NA,NA,end
6/13/22,WL,GGWG,Dead,M,3,7,A,3,NA,NA,8.2,365,start
6/21/22,WL,GGWG,Dead,M,3,9,A,3,NA,NA,NA,NA,end
6/13/22,WL,GGWK,Removed,M,3,8,A,3,NA,NA,9.0,332,start
7/14/22,WL,GGWK,Removed,M,1,9,A,3,NA,NA,NA,NA,end
5/19/22,WL,GGYG,Removed,M,2,8.5,A,3,NA,NA,NA,NA,start
6/13/22,WL,GGYG,Removed,M,2,8.5,A,3,NA,NA,NA,NA,end
5/19/22,WL,GGYR,Removed,M,1,7.5,A,3,NA,NA,NA,NA,start
6/13/22,WL,GGYR,Removed,M,3,5,A,3,NA,NA,NA,NA,end
5/31/22,WL,GGYW,Removed,M,1,5.5,A,3,NA,NA,NA,NA,start
6/21/22,WL,GGYW,Removed,M,3,8.5,A,3,NA,NA,NA,NA,end
5/19/22,WL,GYGK,Removed,M,3,10,A,3,NA,NA,NA,NA,start
6/13/22,WL,GYGK,Removed,M,3,4.5,A,3,NA,NA,NA,NA,end
5/19/22,WL,GYGW,Removed,M,3,11.5,A,3,NA,NA,NA,NA,start
6/8/22,WL,GYGW,Removed,M,3,9,A,3,NA,NA,NA,NA,end
8/1/22,WL,KB,Removed,F,2,6,A,3,NA,NA,NA,NA,start
8/18/22,WL,KB,Removed,F,2,5.5,A,3,NA,NA,NA,NA,end
8/1/22,WL,KBBK,Removed,F,3,9,A,3,NA,NA,NA,NA,start
8/18/22,WL,KBBK,Removed,F,3,7,A,3,NA,NA,NA,NA,end
7/18/22,WL,KBBR,Removed,F,4,7,A,3,NA,NA,7,375,start
8/1/22,WL,KBBR,Removed,F,NA,NA,R,NA,NA,NA,NA,NA,end
6/23/22,WL,KBBW,Removed,M,3,6,A,3,NA,NA,NA,NA,start
7/14/22,WL,KBBW,Removed,M,1,5,A,3,NA,NA,5.6,355,end
7/18/22,WL,KBBY,Removed,F,3,11.5,A,3,NA,NA,6.3,420,start
8/3/22,WL,KBBY,Removed,F,4,6.5,A,3,NA,NA,NA,NA,end
8/1/22,WL,KBG,Removed,F,3,7,A,3,NA,NA,NA,NA,start
8/18/22,WL,KBG,Removed,F,2,6.5,A,3,NA,NA,NA,NA,end
8/22/22,WL,KBGR,Dead,F,1,6,A,3,NA,NA,NA,NA,start
9/15/22,WL,KBGR,Dead,F,N/A,N/A,D,3,NA,NA,NA,NA,end
7/18/22,WL,KBKB,Removed,F,3,7,A,3,NA,NA,7,374,start
8/9/22,WL,KBKB,Removed,F,NA,NA,A,3,NA,NA,NA,NA,end
8/22/22,WL,KBKR,Dead,F,2,7,A,3,NA,NA,NA,NA,start
9/6/22,WL,KBKR,Dead,F,N/A,N/A,D,3,NA,NA,NA,NA,end
8/1/22,WL,KBKY,Removed,F,3,5.5,A,3,NA,NA,NA,NA,start
8/18/22,WL,KBKY,Removed,F,2,4,A,3,NA,NA,NA,NA,end
8/1/22,WL,KBRR,Removed,F,3,7.5,A,3,NA,NA,NA,NA,start
8/18/22,WL,KBRR,Removed,F,2,4,A,3,NA,NA,NA,NA,end
7/18/22,WL,KBWK,Removed,F,3,8,A,3,NA,NA,8.7,431,start
7/21/22,WL,KBWK,Removed,F,NA,NA,A,3,NA,NA,NA,NA,end
8/22/22,WL,KBWR,Removed,F,2,5.5,A,3,NA,NA,NA,NA,start
9/1/22,WL,KBWR,Removed,F,1,4,A,3,NA,NA,NA,NA,end
8/22/22,WL,KBWW,Dead,F,3,7,A,3,NA,NA,NA,NA,start
9/6/22,WL,KBWW,Dead,F,1,3,A,3,NA,NA,NA,NA,end
8/22/22,WL,KGBG,Removed,F,3,7,A,3,NA,NA,NA,NA,start
9/22/22,WL,KGBG,Removed,F,1,5,A,3,NA,NA,NA,NA,end
8/26/22,WL,KGG,Dead,F,2,6,A,3,NA,NA,NA,NA,start
9/15/22,WL,KGG,Dead,F,3,3,A,3,NA,NA,NA,NA,end
8/22/22,WL,KGG,Dead,F,1,8,A,3,NA,NA,NA,NA,start
9/19/22,WL,KGG,Dead,F,N/A,N/A,D,3,NA,NA,NA,NA,end
8/22/22,WL,KGK,Removed,F,1,6.5,A,3,NA,NA,NA,NA,start
9/6/22,WL,KGK,Removed,F,3,8,A,3,NA,NA,NA,NA,end
8/22/22,WL,KGKR,Dead,F,N/A,N/A,D,3,NA,NA,NA,NA,start
8/26/22,WL,KGKR,Dead,F,1,6.5,A,3,NA,NA,NA,NA,end
8/1/22,WL,KGRK,Removed,F,1,4,A,3,NA,NA,NA,NA,start
8/18/22,WL,KGRK,Removed,F,2,4,A,3,NA,NA,NA,NA,end
8/22/22,WL,KGWR,Removed,F,3,13,A,3,NA,NA,NA,NA,start
9/22/22,WL,KGWR,Removed,F,3,6.5,A,3,NA,NA,NA,NA,end
8/22/22,WL,KGWY,Removed,F,1,8.5,A,3,NA,NA,NA,NA,start
9/22/22,WL,KGWY,Removed,F,2,5,A,3,NA,NA,NA,NA,end
8/22/22,WL,KGYG,Dead,F,2,7,A,3,NA,NA,NA,NA,start
9/22/22,WL,KGYG,Dead,F,N/A,N/A,M,1,NA,NA,NA,NA,end
8/1/22,WL,KK,Removed,F,1,7.5,A,3,NA,NA,NA,NA,start
8/18/22,WL,KK,Removed,F,3,6.5,A,3,NA,NA,NA,NA,end
6/16/22,WL,KKBK,Removed,M,2,6,A,3,NA,NA,7.2,448,start
7/7/22,WL,KKBK,Removed,M,1,5,A,3,NA,NA,3.8,323,end
6/16/22,WL,KKGK,Missing,M,4,6,A,3,NA,NA,NA,NA,start
6/23/22,WL,KKGK,Missing,M,3,3,A,3,NA,NA,NA,NA,end
8/1/22,WL,KKK,Removed,F,2,6,A,3,NA,NA,NA,NA,start
8/15/22,WL,KKK,Removed,F,3,7,A,3,NA,NA,6.9,394,end
7/18/22,WL,KKKK,Removed,F,3,6,A,3,NA,NA,6.2,247,start
8/9/22,WL,KKKK,Removed,F,3,3.5,A,3,NA,NA,NA,NA,end
8/1/22,WL,KKWK,Removed,M,2,6,A,3,NA,NA,NA,NA,start
8/18/22,WL,KKWK,Removed,F,1,5,A,3,NA,NA,NA,NA,end
8/1/22,WL,KKYK,Removed,F,2,6,A,3,NA,NA,NA,NA,start
8/18/22,WL,KKYK,Removed,F,3,5,A,3,NA,NA,NA,NA,end
7/18/22,WL,KR,Dead,F,3,5.5,A,3,NA,NA,NA,NA,start
8/1/22,WL,KR,Dead,F,1,4.5,A,3,NA,NA,NA,NA,end
8/1/22,WL,KRBK,Removed,F,NA,NA,D,,NA,NA,NA,NA,start
8/18/22,WL,KRBK,Removed,F,2,7.5,A,3,NA,NA,NA,NA,end
6/23/22,WL,KRBR,Dead,F,2,7,A,3,NA,NA,NA,NA,start
7/5/22,WL,KRBR,Dead,M,3,5,A,3,NA,NA,5.6,350,end
7/18/22,WL,KRBW,Removed,M,NA,NA,D,NA,NA,NA,NA,NA,start
8/9/22,WL,KRBW,Removed,F,4,9.5,A,3,NA,NA,10.5,396,end
6/16/22,WL,KRGK,Missing,F,5,8.5,A,3,NA,NA,9.2,384,start
6/23/22,WL,KRGK,Missing,F,NA,NA,M,NA,NA,NA,NA,NA,end
7/18/22,WL,KRGR,Molted,F,2,6.5,A,3,NA,NA,7.7,425,start
8/1/22,WL,KRGR,Molted,F,3,6,A,3,NA,NA,NA,NA,end
7/18/22,WL,KRGW,Removed,F,3,5,A,3,NA,NA,NA,NA,start
8/9/22,WL,KRGW,Removed,F,1,5.5,A,3,NA,NA,NA,NA,end
8/1/22,WL,KRK,Removed,F,1,4.5,A,3,NA,NA,NA,NA,start
8/18/22,WL,KRK,Removed,F,3,7.5,A,3,NA,NA,7,339,end
7/18/22,WL,KRR,Missing,F,2,7,A,3,NA,NA,6.8,356,start
8/1/22,WL,KRR,Missing,F,3,6.5,A,3,NA,NA,NA,NA,end
8/1/22,WL,KRRR,Removed,F,3,7,A,3,NA,NA,NA,NA,start
8/18/22,WL,KRRR,Removed,F,2,5,A,3,NA,NA,NA,NA,end
8/1/22,WL,KRW,Removed,F,3,8,A,3,NA,NA,NA,NA,start
8/18/22,WL,KRW,Removed,F,4,8.5,A,3,NA,NA,NA,NA,end
6/16/22,WL,KRWK,Missing,F,4,6,A,3,NA,NA,NA,NA,start
6/30/22,WL,KRWK,Missing,M,3,6,A,3,NA,NA,6,469,end
6/16/22,WL,KRWR,Missing,M,3,5.5,A,3,NA,NA,5.6,333,start
6/23/22,WL,KRWR,Missing,M,1,4,A,3,NA,NA,NA,NA,end
6/16/22,WL,KRWW,Missing,M,3,4,A,3,NA,NA,NA,NA,start
7/7/22,WL,KRWW,Missing,M,1,4,A,3,NA,NA,3.3,321,end
7/14/22,WL,KRYR,Removed,M,1,4,A,3,NA,NA,3.5,290,end
6/16/22,WL,KRYR,Removed,M,1,4,A,3,NA,NA,4.4,291,start
8/1/22,WL,KRYW,Removed,M,2,4.5,A,3,NA,NA,5,312,start
8/18/22,WL,KRYW,Removed,F,3,6,A,3,NA,NA,NA,NA,end
8/1/22,WL,KWBK,Removed,F,3,4,A,3,NA,NA,NA,NA,start
8/18/22,WL,KWBK,Removed,F,1,5,A,3,NA,NA,NA,NA,end
7/18/22,WL,KWGK,Removed,F,1,6,A,3,NA,NA,NA,NA,start
8/1/22,WL,KWGK,Removed,F,3,6.5,A,3,NA,NA,7.1,377,end
8/1/22,WL,KWGW,Missing,F,2,5.5,A,3,NA,NA,NA,NA,start
8/18/22,WL,KWGW,Missing,F,3,6.5,A,3,NA,NA,NA,NA,end
8/1/22,WL,KWKK,Removed,F,4,6,A,3,NA,NA,NA,NA,start
8/12/22,WL,KWKK,Removed,F,5,11,A,3,NA,NA,NA,NA,end
8/1/22,WL,KWKW,Removed,F,1,10,A,3,NA,NA,NA,NA,start
8/18/22,WL,KWKW,Removed,F,1,5.5,A,3,NA,NA,NA,NA,end
8/1/22,WL,KWRK,Removed,F,2,10,A,3,NA,NA,NA,NA,start
8/18/22,WL,KWRK,Removed,F,2,7,A,3,NA,NA,NA,NA,end
8/1/22,WL,KWRW,Removed,F,1,8,A,3,NA,NA,NA,NA,start
8/18/22,WL,KWRW,Removed,F,2,6,A,3,NA,NA,NA,NA,end
6/16/22,WL,KWW,Missing,M,3,8,A,3,NA,NA,9.5,377,start
6/23/22,WL,KWW,Missing,M,3,6.5,A,3,NA,NA,NA,NA,end
6/16/22,WL,KWWK,Dead,M,1,5,A,3,NA,NA,NA,247,start
7/5/22,WL,KWWK,Dead,F,3,8,A,3,NA,NA,NA,374,end
7/18/22,WL,KWWW,Removed,F,4,7.5,A,3,NA,NA,7.3,377,start
8/3/22,WL,KWWW,Removed,M,3,9,A,3,NA,NA,10.6,433,end
8/1/22,WL,KWYK,Dead,F,1,6.5,A,3,NA,NA,NA,NA,start
8/18/22,WL,KWYK,Dead,F,3,4.5,A,3,NA,NA,NA,NA,end
7/18/22,WL,KWYW,Removed,F,2,5.5,A,3,NA,NA,5.4,366,start
8/9/22,WL,KWYW,Removed,F,1,3.3,A,3,NA,NA,NA,NA,end
7/29/22,WL,KYBW,Removed,F,1,4.5,A,3,NA,NA,NA,NA,start
8/9/22,WL,KYBW,Removed,F,1,4,A,3,NA,NA,NA,NA,end
8/15/22,WL,KYGR,Dead,F,1,3.5,A,3,NA,NA,NA,NA,end
7/29/22,WL,KYGR,Dead,F,1,3,A,3,NA,NA,NA,NA,start
8/1/22,WL,KYKR,Removed,F,5,9,A,3,NA,NA,NA,NA,start
8/18/22,WL,KYKR,Removed,F,1,5,A,3,NA,NA,NA,NA,end
6/16/22,WL,KYKW,Missing,F,1,3,A,3,NA,NA,NA,NA,start
6/23/22,WL,KYWK,Missing,M,1,5.5,A,3,NA,NA,NA,318,end
8/1/22,WL,KYWR,Removed,M,NA,NA,D,NA,NA,NA,NA,NA,start
8/18/22,WL,KYWR,Removed,F,3,4,A,3,NA,NA,NA,NA,end
6/16/22,WL,KYWW,Removed,F,3,4.5,A,3,NA,NA,NA,NA,start
7/7/22,WL,KYWW,Removed,M,3,7,A,3,NA,NA,7.3,319,end
8/1/22,WL,KYWY,Dead,F,3,9.5,A,3,NA,NA,NA,NA,start
8/3/22,WL,KYWY,Dead,F,NA,NA,D,3,NA,NA,NA,NA,end
6/16/22,WL,KYYR,Missing,M,4,6.5,A,3,NA,NA,NA,NA,start
6/23/22,WL,KYYR,Missing,M,1,6,A,3,NA,NA,NA,210,end
7/18/22,WL,KYYW,Removed,M,3,6.5,A,3,NA,NA,7.4,309,start
8/9/22,WL,KYYW,Removed,F,3,8,A,3,NA,NA,7.5,346,end
7/7/22,WL,KYYY,Removed,F,1,4.5,A,3,NA,NA,NA,NA,end
6/16/22,WL,KYYY,Removed,M,3,6,A,3,NA,NA,NA,NA,start
6/25/21,CML,OB,Removed,M,NA,9,A,3,NA,NA,NA,NA,start
7/23/21,CML,OB,Removed,M,NA,NA,A,3,NA,NA,NA,NA,end
6/10/21,WL,OBB,Molted,M,NA,NA,A,3,NA,NA,NA,NA,start
6/28/21,WL,OBB,Molted,M,NA,6,M,2,NA,NA,NA,NA,end
6/10/21,WL,OBBG,Removed,M,NA,NA,A,3,NA,NA,NA,NA,start
6/14/21,WL,OBBG,Removed,M,NA,3,A,3,NA,NA,NA,NA,end
6/25/21,CML,OBBR,Dead,M,NA,8,A,3,NA,NA,NA,NA,start
6/29/21,CML,OBBR,Dead,M,NA,NA,D,NA,NA,NA,NA,NA,end
6/10/21,WL,OBBW,Removed,M,NA,NA,A,3,NA,NA,NA,NA,start
6/14/21,WL,OBBW,Removed,M,NA,4.5,A,3,NA,NA,NA,NA,end
6/25/21,CML,OBBY,Removed,M,NA,10,A,3,NA,NA,NA,NA,start
7/23/21,CML,OBBY,Removed,M,NA,6,A,3,NA,NA,NA,NA,end
6/10/21,WL,OBG,Molted,M,NA,NA,A,3,NA,NA,NA,NA,start
6/24/21,WL,OBG,Molted,M,NA,NA,M,2,NA,NA,NA,NA,end
6/25/21,CML,OBGB,Dead,M,NA,8,A,3,NA,NA,NA,NA,start
7/20/21,CML,OBGB,Dead,M,NA,NA,D,NA,NA,NA,NA,NA,end
6/25/21,CML,OBGG,Removed,M,NA,11,A,3,NA,NA,NA,NA,start
7/23/21,CML,OBGG,Removed,M,NA,5,A,3,NA,NA,NA,NA,end
6/25/21,CML,OBGK,Dead,M,NA,9,A,3,NA,NA,NA,NA,start
7/9/21,CML,OBGK,Dead,M,NA,NA,D,NA,NA,NA,NA,NA,end
6/25/21,CML,OBGR,Dead,M,NA,9,A,3,NA,NA,NA,NA,start
7/23/21,CML,OBGR,Dead,M,NA,NA,D,NA,NA,NA,NA,NA,end
6/25/21,CML,OBGW,Dead,M,NA,7,A,3,NA,NA,NA,NA,start
7/1/21,CML,OBGW,Dead,M,NA,NA,D,NA,NA,NA,NA,NA,end
6/25/21,CML,OBGY,Dead,M,NA,9,A,3,NA,NA,NA,NA,start
6/29/21,CML,OBGY,Dead,M,NA,NA,D,NA,NA,NA,NA,NA,end
6/10/21,WL,OBK,Removed,M,NA,NA,A,3,NA,NA,NA,NA,start
6/14/21,WL,OBK,Removed,M,NA,4,A,3,NA,NA,NA,NA,end
6/10/21,WL,OBKB,Removed,M,NA,NA,A,3,NA,NA,NA,NA,start
6/14/21,WL,OBKB,Removed,M,NA,5.5,A,3,NA,NA,NA,NA,end
6/10/21,WL,OBKG,Removed,M,NA,NA,A,3,NA,NA,NA,NA,start
6/14/21,WL,OBKG,Removed,M,NA,4.5,A,3,NA,NA,NA,NA,end
6/10/21,WL,OBKK,Missing,M,NA,NA,A,3,NA,NA,NA,NA,start
6/28/21,WL,OBKK,Missing,M,NA,8.5,A,3,NA,NA,NA,NA,end
6/25/21,CML,OBKW,Dead,M,NA,5.5,A,3,NA,NA,NA,NA,start
7/1/21,CML,OBKW,Dead,M,NA,NA,D,NA,NA,NA,NA,NA,end
6/25/21,CML,OBKY,Dead,M,NA,9.5,A,3,NA,NA,NA,NA,start
7/15/21,CML,OBKY,Dead,M,NA,NA,D,NA,NA,NA,NA,NA,end
6/25/21,CML,OBRG,Removed,M,NA,9,A,3,NA,NA,NA,NA,start
7/23/21,CML,OBRG,Removed,M,NA,NA,A,3,NA,NA,NA,NA,end
6/25/21,CML,OBRK,Removed,M,NA,9.5,A,3,NA,NA,NA,NA,start
7/23/21,CML,OBRK,Removed,M,NA,NA,A,3,NA,NA,NA,NA,end
6/3/21,WL,OBRR,Removed,M,NA,NA,A,3,NA,NA,NA,NA,start
6/14/21,WL,OBRR,Removed,M,NA,7,A,3,NA,NA,NA,NA,end
6/18/21,WL,OBRW,Molted,M,NA,NA,A,3,NA,NA,NA,NA,start
7/12/21,WL,OBRW,Molted,M,NA,5,M,1,NA,NA,NA,NA,end
6/25/21,CML,OBRY,Removed,M,NA,9,A,3,NA,NA,NA,NA,start
7/23/21,CML,OBRY,Removed,M,NA,NA,A,3,NA,NA,NA,NA,end
6/10/21,WL,OBW,Dead,M,NA,NA,A,3,NA,NA,NA,NA,start
7/22/21,WL,OBW,Dead,M,NA,NA,D,NA,NA,NA,NA,NA,end
6/3/21,WL,OBWB,Removed,M,NA,NA,A,3,NA,NA,NA,NA,start
6/14/21,WL,OBWB,Removed,M,NA,1.5,A,3,NA,NA,NA,NA,end
6/25/21,CML,OBWG,Removed,M,NA,10,A,3,NA,NA,NA,NA,start
7/23/21,CML,OBWG,Removed,M,NA,NA,A,3,NA,NA,NA,NA,end
6/3/21,WL,OBWK,Removed,M,NA,NA,A,3,NA,NA,NA,NA,start
6/14/21,WL,OBWK,Removed,M,NA,5.5,A,3,NA,NA,NA,NA,end
6/25/21,CML,OBWR,Dead,M,NA,6,A,3,NA,NA,NA,NA,start
7/23/21,CML,OBWR,Dead,M,NA,NA,D,NA,NA,NA,NA,NA,end
6/10/21,WL,OBWY,Removed,M,NA,NA,A,3,NA,NA,NA,NA,start
6/14/21,WL,OBWY,Removed,M,NA,10.5,A,3,NA,NA,NA,NA,end
6/25/21,CML,OBY,Removed,M,NA,8.5,A,3,NA,NA,NA,NA,start
7/23/21,CML,OBY,Removed,M,NA,NA,A,3,NA,NA,NA,NA,end
6/25/21,CML,OBYB,Dead,M,NA,12,A,3,NA,NA,NA,NA,start
7/13/21,CML,OBYB,Dead,M,NA,NA,D,NA,NA,NA,NA,NA,end
6/3/21,WL,OBYG,Removed,M,NA,NA,A,3,NA,NA,NA,NA,start
6/14/21,WL,OBYG,Removed,M,NA,9,A,3,NA,NA,NA,NA,end
6/18/21,WL,OBYK,Removed,M,NA,NA,A,3,NA,NA,NA,NA,start
7/22/21,WL,OBYK,Removed,M,NA,NA,A,3,NA,NA,NA,NA,end
6/10/21,WL,OBYR,Molted,M,NA,NA,A,3,NA,NA,NA,NA,start
6/28/21,WL,OBYR,Molted,M,NA,6,M,2,NA,NA,NA,NA,end
6/25/21,CML,OBYW,Dead,M,NA,10.5,A,3,NA,NA,NA,NA,start
7/5/21,CML,OBYW,Dead,M,NA,NA,D,NA,NA,NA,NA,NA,end
7/22/21,WL,PB,Removed,F,NA,8,A,3,NA,NA,NA,NA,start
9/2/21,WL,PB,Removed,F,NA,6,A,3,NA,NA,NA,NA,end
7/15/21,WL,PBBG,Molted,F,NA,13.5,A,3,NA,NA,NA,NA,start
7/22/21,WL,PBBG,Molted,F,NA,6.5,M,1,NA,NA,NA,NA,end
7/22/21,WL,PBBK,Removed,F,NA,10,A,3,NA,NA,NA,NA,start
9/2/21,WL,PBBK,Removed,F,NA,9,A,3,NA,NA,NA,NA,end
7/5/21,CML,PBBR,Removed,M,NA,9,A,3,NA,NA,NA,NA,start
7/23/21,CML,PBBR,Removed,M,NA,NA,A,3,NA,NA,NA,NA,end
7/12/21,WL,PBBY,Removed,F,NA,7.5,A,3,NA,NA,NA,NA,start
8/23/21,WL,PBBY,Removed,F,NA,4,A,3,NA,NA,NA,NA,end
7/15/21,WL,PBGG,Removed,F,NA,10.5,A,3,NA,NA,NA,NA,start
9/2/21,WL,PBGG,Removed,F,NA,8.5,A,3,NA,NA,NA,NA,end
7/9/21,CML,PBGK,Removed,M,NA,NA,A,NA,NA,NA,NA,NA,start
7/23/21,CML,PBGK,Removed,M,NA,NA,A,3,NA,NA,NA,NA,end
7/22/21,WL,PBGR,Missing,F,NA,7.5,A,3,NA,NA,NA,NA,start
,,,,F,NA,7,A,3,NA,NA,NA,NA,
,,,,F,NA,6.5,A,3,NA,NA,NA,NA,
,,,,F,NA,6.5,A,3,NA,NA,NA,NA,
,,,,F,NA,6,A,3,NA,NA,NA,NA,
,,,,F,NA,5.5,A,3,NA,NA,NA,NA,
8/12/21,WL,PBGR,Missing,F,NA,6,A,3,NA,NA,NA,NA,end
6/24/21,WL,PBGW,Removed,M,NA,NA,A,3,NA,NA,NA,NA,start
,,,,M,NA,7,A,3,NA,NA,NA,NA,
,,,,M,NA,NA,A,3,NA,NA,NA,NA,
,,,,M,NA,6.5,A,3,NA,NA,NA,NA,
,,,,M,NA,NA,A,3,NA,NA,NA,NA,
,,,,M,NA,6,A,3,NA,NA,NA,NA,
,,,,M,NA,NA,A,3,NA,NA,NA,NA,
,,,,M,NA,5.5,A,3,NA,NA,NA,NA,
7/22/21,WL,PBGW,Removed,M,NA,NA,A,3,NA,NA,NA,NA,end
7/15/21,WL,PBGY,Removed,F,NA,13,A,3,NA,NA,NA,NA,start
,,,,F,NA,9.5,A,3,NA,NA,NA,NA,
,,,,F,NA,9,A,3,NA,NA,NA,NA,
,,,,F,NA,7.5,A,3,NA,NA,NA,NA,
,,,,F,NA,8,A,3,NA,NA,NA,NA,
,,,,F,NA,10,A,3,NA,NA,NA,NA,
,,,,F,NA,11,A,3,NA,NA,NA,NA,
,,,,F,NA,12,A,3,NA,NA,NA,NA,
,,,,F,NA,12.5,A,3,NA,NA,NA,NA,
,,,,F,NA,11.5,A,3,NA,NA,NA,NA,
,,,,F,NA,10,A,3,NA,NA,NA,NA,
,,,,F,NA,10,A,3,NA,NA,NA,NA,
,,,,F,NA,9,A,3,NA,NA,NA,NA,
9/2/21,WL,PBGY,Removed,F,NA,8,A,3,NA,NA,NA,NA,end
7/5/21,CML,PBK,Removed,M,NA,8,A,3,NA,NA,NA,NA,start
,,,,M,NA,NA,A,NA,NA,NA,NA,NA,
,,,,M,NA,6.5,A,3,NA,NA,NA,NA,
,,,,M,NA,NA,A,3,NA,NA,NA,NA,
,,,,M,NA,6,A,3,NA,NA,NA,NA,
7/23/21,CML,PBK,Removed,M,NA,NA,A,3,NA,NA,NA,NA,end
7/22/21,WL,PBR,Dead,F,NA,6.5,A,3,NA,NA,NA,NA,start
,,,,F,NA,6,A,3,NA,NA,NA,NA,
,,,,F,NA,5,A,3,NA,NA,NA,NA,
,,,,F,NA,5,A,3,NA,NA,NA,NA,
,,,,F,NA,5,A,3,NA,NA,NA,NA,
,,,,F,NA,4,A,3,NA,NA,NA,NA,
,,,,F,NA,4,A,3,NA,NA,NA,NA,
8/16/21,WL,PBR,Dead,F,NA,NA,D,3,NA,NA,NA,NA,end
7/19/21,WL,PBRB,Removed,F,NA,8,A,3,NA,NA,NA,NA,start
,,,,F,NA,7.5,A,3,NA,NA,NA,NA,
,,,,F,NA,7.5,A,3,NA,NA,NA,NA,
,,,,F,NA,5,A,3,NA,NA,NA,NA,
,,,,F,NA,7.5,A,3,NA,NA,NA,NA,
,,,,F,NA,7,A,3,NA,NA,NA,NA,
,,,,F,NA,6.5,A,3,NA,NA,NA,NA,
,,,,F,NA,6.5,A,3,NA,NA,NA,NA,
,,,,F,NA,6,A,3,NA,NA,NA,NA,
,,,,F,NA,6.5,A,3,NA,NA,NA,NA,
,,,,F,NA,5.5,A,3,NA,NA,NA,NA,
,,,,F,NA,6,A,3,NA,NA,NA,NA,
,,,,F,NA,5.5,A,3,NA,NA,NA,NA,
9/2/21,WL,PBRB,Removed,F,NA,5,A,3,NA,NA,NA,NA,end
7/19/21,WL,PBRG,Molted,F,NA,11.5,A,3,NA,NA,NA,NA,start
7/22/21,WL,PBRG,Molted,F,NA,6,M,1,NA,NA,NA,NA,end
7/22/21,WL,PBRG2,Dead,F,NA,5,A,3,NA,NA,NA,NA,start
,,,,F,NA,4.5,A,3,NA,NA,NA,NA,
,,,,F,NA,4.5,A,3,NA,NA,NA,NA,
,,,,F,NA,4,A,3,NA,NA,NA,NA,
,,,,F,NA,4,A,3,NA,NA,NA,NA,
,,,,F,NA,3.5,A,3,NA,NA,NA,NA,
,,,,F,NA,4,A,3,NA,NA,NA,NA,
,,,,F,NA,3.5,A,3,NA,NA,NA,NA,
,,,,F,NA,4,A,3,NA,NA,NA,NA,
,,,,F,NA,3.5,A,3,NA,NA,NA,NA,
,,,,F,NA,4,A,3,NA,NA,NA,NA,
,,,,F,NA,4,A,3,NA,NA,NA,NA,
9/2/21,WL,PBRG2,Dead,F,NA,NA,D,3,NA,NA,NA,NA,end
6/18/21,WL,PBRK,Removed,M,NA,NA,A,3,NA,NA,NA,NA,start
,,,,M,NA,8.5,A,3,NA,NA,NA,NA,
,,,,M,NA,NA,A,3,NA,NA,NA,NA,
,,,,M,NA,10,A,3,NA,NA,NA,NA,
,,,,M,NA,9,A,3,NA,NA,NA,NA,
,,,,M,NA,9,A,3,NA,NA,NA,NA,
,,,,M,NA,NA,A,3,NA,NA,NA,NA,
,,,,M,NA,8,A,3,NA,NA,NA,NA,
,,,,M,NA,NA,A,3,NA,NA,NA,NA,
,,,,M,NA,6,A,3,NA,NA,NA,NA,
7/22/21,WL,PBRK,Removed,M,NA,NA,A,3,NA,NA,NA,NA,end
7/5/21,CML,PBRR,Removed,M,NA,7.5,A,3,NA,NA,NA,NA,start
,,,,M,NA,NA,A,NA,NA,NA,NA,NA,
,,,,M,NA,6,A,3,NA,NA,NA,NA,
,,,,M,NA,NA,A,3,NA,NA,NA,NA,
,,,,M,NA,6,A,3,NA,NA,NA,NA,
7/23/21,CML,PBRR,Removed,M,NA,NA,A,3,NA,NA,NA,NA,end
6/25/21,CML,PBRY,Dead,M,NA,6.5,A,3,NA,NA,NA,NA,start
,,,,M,NA,5.5,A,3,NA,NA,NA,NA,
7/1/21,CML,PBRY,Dead,M,NA,NA,D,NA,NA,NA,NA,NA,end
7/19/21,WL,PBW,Molted,F,NA,9.5,A,3,NA,NA,NA,NA,start
7/22/21,WL,PBW,Molted,F,NA,5.5,M,1,NA,NA,NA,NA,end
7/19/21,WL,PBWB,Removed,F,NA,9,A,3,NA,NA,NA,NA,start
,,,,F,NA,8,A,3,NA,NA,NA,NA,
,,,,F,NA,8.5,A,3,NA,NA,NA,NA,
,,,,F,NA,8,A,3,NA,NA,NA,NA,
,,,,F,NA,7.5,A,3,NA,NA,NA,NA,
,,,,F,NA,7,A,3,NA,NA,NA,NA,
,,,,F,NA,7.5,A,3,NA,NA,NA,NA,
,,,,F,NA,7.5,A,3,NA,NA,NA,NA,
,,,,F,NA,7.5,A,3,NA,NA,NA,NA,
,,,,F,NA,8,A,3,NA,NA,NA,NA,
,,,,F,NA,7.5,A,3,NA,NA,NA,NA,
,,,,F,NA,8,A,3,NA,NA,NA,NA,
,,,,F,NA,7,A,3,NA,NA,NA,NA,
9/2/21,WL,PBWB,Removed,F,NA,6.5,A,3,NA,NA,NA,NA,end
6/18/21,WL,PBWG,Dead,F,NA,NA,A,3,NA,NA,NA,NA,start
,,,,M,NA,7.5,A,3,NA,NA,NA,NA,
,,,,M,NA,NA,A,3,NA,NA,NA,NA,
,,,,M,NA,6,A,3,NA,NA,NA,NA,
,,,,M,NA,NA,A,3,NA,NA,NA,NA,
,,,,M,NA,6,A,3,NA,NA,NA,NA,
,,,,M,NA,NA,A,3,NA,NA,NA,NA,
,,,,M,NA,6,A,3,NA,NA,NA,NA,
,,,,M,NA,NA,A,3,NA,NA,NA,NA,
,,,,M,NA,5.5,A,3,NA,NA,NA,NA,
7/22/21,WL,PBWG,Dead,M,NA,NA,D,NA,NA,NA,NA,NA,end
6/18/21,WL,PBWR,Removed,M,NA,NA,A,3,NA,NA,NA,NA,start
,,,,M,NA,8.5,A,3,NA,NA,NA,NA,
,,,,M,NA,NA,A,3,NA,NA,NA,NA,
,,,,M,NA,3,A,3,NA,NA,NA,NA,
,,,,M,NA,NA,A,3,NA,NA,NA,NA,
,,,,M,NA,7.5,A,3,NA,NA,NA,NA,
,,,,M,NA,NA,A,3,NA,NA,NA,NA,
,,,,M,NA,6.5,A,3,NA,NA,NA,NA,
,,,,M,NA,NA,A,3,NA,NA,NA,NA,
,,,,M,NA,6,A,3,NA,NA,NA,NA,
7/22/21,WL,PBWR,Removed,M,NA,NA,A,3,NA,NA,NA,NA,end
7/15/21,WL,PBWW,Removed,F,NA,10.5,A,3,NA,NA,NA,NA,start
,,,,F,NA,8,A,3,NA,NA,NA,NA,
,,,,F,NA,8.5,A,3,NA,NA,NA,NA,
,,,,F,NA,8,A,3,NA,NA,NA,NA,
,,,,F,NA,8,A,3,NA,NA,NA,NA,
,,,,F,NA,8,A,3,NA,NA,NA,NA,
,,,,F,NA,8,A,3,NA,NA,NA,NA,
,,,,F,NA,7.5,A,3,NA,NA,NA,NA,
,,,,F,NA,7,A,3,NA,NA,NA,NA,
,,,,F,NA,7,A,3,NA,NA,NA,NA,
,,,,F,NA,7,A,3,NA,NA,NA,NA,
,,,,F,NA,6.5,A,3,NA,NA,NA,NA,
8/26/21,WL,PBWW,Removed,F,NA,6.5,A,3,NA,NA,NA,NA,end
7/19/21,WL,PBWY,Dead,F,NA,8,A,3,NA,NA,NA,NA,start
,,,,F,NA,7,A,3,NA,NA,NA,NA,
,,,,F,NA,7,A,3,NA,NA,NA,NA,
,,,,F,NA,6.5,A,3,NA,NA,NA,NA,
,,,,F,NA,6,A,3,NA,NA,NA,NA,
,,,,F,NA,5,A,3,NA,NA,NA,NA,
,,,,F,NA,4.5,A,3,NA,NA,NA,NA,
,,,,F,NA,4.5,A,3,NA,NA,NA,NA,
8/16/21,WL,PBWY,Dead,F,NA,NA,D,3,NA,NA,NA,NA,end
7/12/21,WL,PBY,Dead,F,NA,8,A,3,NA,NA,NA,NA,start
,,,,F,NA,7,A,3,NA,NA,NA,NA,
,,,,F,NA,5,A,3,NA,NA,NA,NA,
,,,,F,NA,5,A,3,NA,NA,NA,NA,
,,,,F,NA,5.5,A,3,NA,NA,NA,NA,
,,,,F,NA,5.5,A,3,NA,NA,NA,NA,
8/2/21,WL,PBY,Dead,F,NA,NA,D,NA,NA,NA,NA,NA,end
7/12/21,WL,PBYB,Dead,F,NA,7.6,A,3,NA,NA,NA,NA,start
,,,,F,NA,6,A,3,NA,NA,NA,NA,
,,,,F,NA,6.5,A,3,NA,NA,NA,NA,
,,,,F,NA,7,A,3,NA,NA,NA,NA,
,,,,F,NA,6.5,A,3,NA,NA,NA,NA,
,,,,F,NA,5.5,A,3,NA,NA,NA,NA,
,,,,F,NA,6,A,3,NA,NA,NA,NA,
,,,,F,NA,5.5,A,3,NA,NA,NA,NA,
,,,,F,NA,NA,A,3,NA,NA,NA,NA,
,,,,F,NA,6,A,3,NA,NA,NA,NA,
8/16/21,WL,PBYB,Dead,F,NA,NA,D,3,NA,NA,NA,NA,end
7/22/21,WL,PBYK,Removed,F,NA,9.5,A,3,NA,NA,NA,NA,start
,,,,F,NA,9,A,3,NA,NA,NA,NA,
,,,,F,NA,9,A,3,NA,NA,NA,NA,
,,,,F,NA,8.5,A,3,NA,NA,NA,NA,
,,,,F,NA,5,A,3,NA,NA,NA,NA,
,,,,F,NA,8,A,3,NA,NA,NA,NA,
,,,,F,NA,8,A,3,NA,NA,NA,NA,
,,,,F,NA,8,A,3,NA,NA,NA,NA,
,,,,F,NA,8,A,3,NA,NA,NA,NA,
,,,,F,NA,7.5,A,3,NA,NA,NA,NA,
,,,,F,NA,7.5,A,3,NA,NA,NA,NA,
,,,,F,NA,7,A,3,NA,NA,NA,NA,
9/2/21,WL,PBYK,Removed,F,NA,7,A,3,NA,NA,NA,NA,end
7/22/21,WL,PBYR,Missing,F,NA,13,A,3,NA,NA,NA,NA,start
7/26/21,WL,PBYR,Missing,F,NA,NA,M/MIA,NA,NA,NA,NA,NA,end
7/15/21,WL,PBYW,Molted,F,NA,10,A,3,NA,NA,NA,NA,start
,,,,F,NA,9,A,3,NA,NA,NA,NA,
,,,,F,NA,8,A,3,NA,NA,NA,NA,
,,,,F,NA,8,A,3,NA,NA,NA,NA,
,,,,F,NA,8,A,3,NA,NA,NA,NA,
8/2/21,WL,PBYW,Molted,F,NA,5,M,1,NA,NA,NA,NA,end
6/24/21,WL,PBYY,Molted,M,NA,NA,A,3,NA,NA,NA,NA,start
6/28/21,WL,PBYY,Molted,M,NA,7,M,2,NA,NA,NA,NA,end
7/15/21,WL,PGG,Removed,F,NA,8,A,3,NA,NA,NA,NA,start
,,,,F,NA,7,A,3,NA,NA,NA,NA,
,,,,F,NA,7,A,3,NA,NA,NA,NA,
,,,,F,NA,7.5,A,3,NA,NA,NA,NA,
,,,,F,NA,6,A,3,NA,NA,NA,NA,
,,,,F,NA,6,A,3,NA,NA,NA,NA,
,,,,F,NA,5.5,A,3,NA,NA,NA,NA,
,,,,F,NA,6,A,3,NA,NA,NA,NA,
,,,,F,NA,5.5,A,3,NA,NA,NA,NA,
,,,,F,NA,6,A,3,NA,NA,NA,NA,
,,,,F,NA,5,A,3,NA,NA,NA,NA,
8/26/21,WL,PGG,Removed,F,NA,5,A,3,NA,NA,NA,NA,end
6/18/21,WL,PGR,Removed,M,NA,NA,A,3,NA,NA,NA,NA,start
,,,,M,NA,9.5,A,3,NA,NA,NA,NA,
,,,,M,NA,NA,A,3,NA,NA,NA,NA,
,,,,M,NA,8,A,3,NA,NA,NA,NA,
,,,,M,NA,NA,A,3,NA,NA,NA,NA,
,,,,M,NA,8,A,3,NA,NA,NA,NA,
,,,,M,NA,NA,A,3,NA,NA,NA,NA,
,,,,M,NA,7,A,3,NA,NA,NA,NA,
,,,,M,NA,NA,A,3,NA,NA,NA,NA,
,,,,M,NA,7,A,3,NA,NA,NA,NA,
7/22/21,WL,PGR,Removed,M,NA,NA,A,3,NA,NA,NA,NA,end
8/22/22,WL,UBBG,Removed,F,3,7,A,3,NA,NA,NA,NA,start
,,,,F,3,8,A,3,NA,NA,NA,NA,
,,,,F,3,8.5,A,3,NA,NA,NA,NA,
,,,,F,3,8,A,3,NA,NA,NA,NA,
,,,,F,3,4,A,3,NA,NA,NA,NA,
,,,,F,2,6,A,3,NA,NA,NA,NA,
,,,,F,1,4.5,A,3,NA,NA,NA,NA,
,,,,F,4,6.5,A,3,NA,NA,NA,NA,
,,,,F,3,3.5,A,3,NA,NA,NA,NA,
9/22/22,WL,UBBG,Removed,F,3,5.5,A,3,NA,NA,NA,NA,end
8/22/22,WL,UBBR,Dead,F,3,9.5,A,3,NA,NA,NA,NA,start
,,,,F,1,9,A,3,NA,NA,NA,NA,
,,,,F,1,6,A,3,NA,NA,NA,NA,
,,,,F,2,8,A,3,NA,NA,NA,NA,
,,,,F,4,3,A,3,NA,NA,NA,NA,
9/9/22,WL,UBBR,Dead,F,N/A,N/A,D,3,NA,NA,NA,NA,end
8/22/22,WL,UBGK,Removed,F,2,6.5,A,3,NA,NA,NA,NA,start
,,,,F,3,7,A,3,NA,NA,NA,NA,
,,,,F,2,6,A,3,NA,NA,NA,NA,
,,,,F,2,6,A,3,NA,NA,NA,NA,
,,,,F,2,5,A,3,NA,NA,NA,NA,
,,,,F,2,5,A,3,NA,NA,NA,NA,
,,,,F,3,4.5,A,3,NA,NA,NA,NA,
,,,,F,2,5,A,3,NA,NA,NA,NA,
,,,,F,1,4.5,A,3,NA,NA,NA,NA,
9/22/22,WL,UBGK,Removed,F,2,5,A,3,NA,NA,NA,NA,end
8/22/22,WL,UBGY,Removed,F,1,7,A,3,NA,NA,NA,NA,start
,,,,F,2,7,A,3,NA,NA,NA,NA,
,,,,F,2,7,A,3,NA,NA,NA,NA,
,,,,F,2,5,A,3,NA,NA,NA,NA,
,,,,F,2,7,A,3,NA,NA,NA,NA,
,,,,F,2,4.5,A,3,NA,NA,NA,NA,
,,,,F,2,5,A,3,NA,NA,NA,NA,
,,,,F,1,6,A,3,NA,NA,NA,NA,
,,,,F,2,6,A,3,NA,NA,NA,NA,
9/22/22,WL,UBGY,Removed,F,2,6,A,3,NA,NA,NA,NA,end
8/22/22,WL,UBKK,Removed,F,1,4,A,3,NA,NA,NA,NA,start
,,,,F,3,8,A,3,NA,NA,NA,NA,
,,,,F,3,6.5,A,3,NA,NA,NA,NA,
,,,,F,2,9,A,3,NA,NA,NA,NA,
,,,,F,2,7,A,3,NA,NA,NA,NA,
,,,,F,1,5.5,A,3,NA,NA,NA,NA,
,,,,F,2,7.5,A,3,NA,NA,NA,NA,
,,,,F,2,4,A,3,NA,NA,NA,NA,
,,,,F,3,5,A,3,NA,NA,NA,NA,
9/22/22,WL,UBKK,Removed,F,5,6.5,A,3,NA,NA,NA,NA,end
8/22/22,WL,UBRB,Removed,F,2,3,A,3,NA,NA,NA,NA,start
,,,,F,1,3,A,3,NA,NA,NA,NA,
,,,,F,2,4.5,A,3,NA,NA,NA,NA,
,,,,F,1,9,A,3,NA,NA,NA,NA,
,,,,F,2,7,A,3,NA,NA,NA,NA,
,,,,F,1,7,A,3,NA,NA,NA,NA,
,,,,F,2,6.5,A,3,NA,NA,NA,NA,
,,,,F,2,4,A,3,NA,NA,NA,NA,
9/22/22,WL,UBRB,Removed,F,1,4,A,3,NA,NA,NA,NA,end
8/22/22,WL,UBW,Dead,F,3,4,A,3,NA,NA,NA,NA,start
,,,,F,2,3.5,A,3,NA,NA,NA,NA,
,,,,F,2,3,A,3,NA,NA,NA,NA,
,,,,F,3,8.5,A,3,NA,NA,NA,NA,
,,,,F,1,3.5,A,3,NA,NA,NA,NA,
,,,,F,3,5,A,3,NA,NA,NA,NA,
,,,,F,2,6,A,3,NA,NA,NA,NA,
,,,,F,2,4,A,3,NA,NA,NA,NA,
9/19/22,WL,UBW,Dead,F,3,5,A,3,NA,NA,NA,NA,end
8/1/22,WL,UBYB,Removed,F,3,4,A,3,NA,NA,NA,NA,start
,,,,F,3,4,A,3,NA,NA,NA,NA,
,,,,F,N/A,N/A,D,3,NA,NA,NA,NA,
,,,,F,2,6.5,A,3,NA,NA,NA,NA,
,,,,F,2,10,A,3,NA,NA,NA,NA,
8/18/22,WL,UBYB,Removed,F,1,8,A,3,NA,NA,NA,NA,end
8/22/22,WL,UBYG,Dead,F,1,5,A,3,NA,NA,NA,NA,start
,,,,F,3,8,A,3,NA,NA,NA,NA,
,,,,F,1,N/A,A,3,NA,NA,NA,NA,
,,,,F,2,5.5,A,3,NA,NA,NA,NA,
,,,,F,1,10.9,A,3,NA,NA,NA,NA,
,,,,F,2,7,A,3,NA,NA,NA,NA,
,,,,F,2,8,A,3,NA,NA,NA,NA,
,,,,F,2,7,A,3,NA,NA,NA,NA,
9/19/22,WL,UBYG,Dead,F,2,6,A,3,NA,NA,NA,NA,end
8/22/22,WL,UBYK,Dead,F,2,5.5,A,3,NA,NA,NA,NA,start
8/26/22,WL,UBYK,Dead,F,4,6.5,A,3,NA,NA,NA,NA,end
,,,,F,3,6.5,A,3,NA,NA,NA,NA,
,,,,F,N/A,N/A,D,3,NA,NA,NA,NA,
,,,,F,3,7,A,3,NA,NA,NA,NA,
,,,,F,3,6.5,A,3,NA,NA,NA,NA,
,,,,F,1,5.5,A,3,NA,NA,NA,NA,
,,,,F,3,6,A,3,NA,NA,NA,NA,
,,,,F,2,6,A,3,NA,NA,NA,NA,
9/9/22,WL,UBYK,Dead,F,1,4,A,3,NA,NA,NA,NA,end
8/22/22,WL,UBYW,Removed,F,3,8,A,3,NA,NA,NA,NA,start
,,,,F,2,7.5,A,3,NA,NA,NA,NA,
,,,,F,3,7,A,3,NA,NA,NA,NA,
,,,,F,3,8,A,3,NA,NA,NA,NA,
,,,,F,3,4,A,3,NA,NA,NA,NA,
,,,,F,3,7,A,3,NA,NA,NA,NA,
,,,,F,3,6,A,3,NA,NA,NA,NA,
,,,,F,2,7,A,3,NA,NA,NA,NA,
,,,,F,2,5.5,A,3,NA,NA,NA,NA,
9/22/22,WL,UBYW,Removed,F,1,6,A,3,NA,NA,NA,NA,end
8/29/22,WL,UGBY,Missing,F,2,6,A,3,NA,NA,NA,NA,start
,,,,F,1,7,A,3,NA,NA,NA,NA,
,,,,F,3,7,A,3,NA,NA,NA,NA,
,,,,F,1,5,A,3,NA,NA,NA,NA,
,,,,F,1,4.5,A,3,NA,NA,NA,NA,
,,,,F,1,4.5,A,3,NA,NA,NA,NA,
,,,,F,1,5.5,A,3,NA,NA,NA,NA,
,,,,F,2,5.5,A,3,NA,NA,NA,NA,
,,,,F,3,5.5,A,3,NA,NA,NA,NA,
9/19/22,WL,UGBY,Missing,F,3,9,A,3,NA,NA,NA,NA,end
8/22/22,WL,UGWG,Dead,F,2,8.5,A,3,NA,NA,NA,NA,start
,,,,F,1,6,A,3,NA,NA,NA,NA,
,,,,F,1,4.5,A,3,NA,NA,NA,NA,
,,,,F,2,6,A,3,NA,NA,NA,NA,
,,,,F,3,5,A,3,NA,NA,NA,NA,
,,,,F,3,6,A,3,NA,NA,NA,NA,
,,,,F,3,5.5,A,3,NA,NA,NA,NA,
,,,,F,3,5.5,A,3,NA,NA,NA,NA,
,,,,F,N/A,N/A,M,1,NA,NA,NA,NA,
9/22/22,WL,UGWG,Dead,F,3,8.5,A,3,NA,NA,NA,NA,end
,,,,F,2,7.5,A,3,NA,NA,NA,NA,
8/22/22,WL,UGWW,Removed,F,1,8,A,3,NA,NA,NA,NA,start
,,,,F,2,8,A,3,NA,NA,NA,NA,
,,,,F,3,6,A,3,NA,NA,NA,NA,
,,,,F,3,4,A,3,NA,NA,NA,NA,
,,,,F,1,5,A,3,NA,NA,NA,NA,
,,,,F,2,4,A,3,NA,NA,NA,NA,
,,,,F,3,5,A,3,NA,NA,NA,NA,
,,,,F,3,10,A,3,NA,NA,NA,NA,
9/22/22,WL,UGWW,Removed,F,3,4,A,3,NA,NA,NA,NA,end
8/22/22,WL,UGYK,Molted,F,3,8,A,3,NA,NA,NA,NA,start
,,,,F,3,8,A,3,NA,NA,NA,NA,
,,,,F,3,7.5,A,3,NA,NA,NA,NA,
,,,,F,N/A,N/A,M,NA,NA,NA,NA,NA,
9/6/22,WL,UGYK,Molted,F,3,2,M,2,54,39.8,NA,NA,end
8/22/22,WL,UGYR,Molted,F,1,6,A,3,NA,NA,NA,NA,start
8/26/22,WL,UGYR,Molted,F,2,5,A,3,NA,NA,NA,NA,end
8/22/22,WL,UGYY,Removed,F,1,4,A,3,NA,NA,NA,NA,start
,,,,F,2,6.5,A,3,NA,NA,NA,NA,
,,,,F,1,3,A,3,NA,NA,NA,NA,
,,,,F,1,4,A,3,NA,NA,NA,NA,
,,,,F,1,5.5,A,3,NA,NA,NA,NA,
,,,,F,2,5,A,3,NA,NA,NA,NA,
,,,,F,1,3,A,3,NA,NA,NA,NA,
,,,,F,1,3,A,3,NA,NA,NA,NA,
,,,,F,2,4.5,A,3,NA,NA,NA,NA,
9/22/22,WL,UGYY,Removed,F,1,5.5,A,3,NA,NA,NA,NA,end
8/29/22,WL,URBK,Dead,F,2,5,A,3,NA,NA,NA,NA,start
,,,,F,3,6,A,3,NA,NA,NA,NA,
,,,,F,N/A,N/A,D,3,NA,NA,NA,NA,
,,,,F,2,4,A,3,NA,NA,NA,NA,
9/15/22,WL,URBK,Dead,F,3,6.5,A,3,NA,NA,NA,NA,end
,,,,F,1,4.5,A,3,NA,NA,NA,NA,
,,,,F,2,6.5,A,3,NA,NA,NA,NA,
,,,,F,1,6.5,A,3,NA,NA,NA,NA,
8/22/22,WL,UYBK,Removed,F,2,5.5,A,3,NA,NA,NA,NA,start
,,,,F,3,5,A,3,NA,NA,NA,NA,
,,,,F,3,4,A,3,NA,NA,NA,NA,
,,,,F,2,4.5,A,3,NA,NA,NA,NA,
,,,,F,1,3,A,3,NA,NA,NA,NA,
,,,,F,2,4.5,A,3,NA,NA,NA,NA,
,,,,F,4,8,A,3,NA,NA,NA,NA,
,,,,F,2,8.5,A,3,NA,NA,NA,NA,
,,,,F,4,10,A,3,NA,NA,NA,NA,
9/22/22,WL,UYBK,Removed,F,4,11,A,3,NA,NA,NA,NA,end
8/22/22,WL,UYGR,Removed,F,4,9.5,A,3,NA,NA,NA,NA,start
,,,,F,5,10.5,A,3,NA,NA,NA,NA,
,,,,F,3,3,A,3,NA,NA,NA,NA,
,,,,F,4,9,A,3,NA,NA,NA,NA,
,,,,F,1,6,A,3,NA,NA,NA,NA,
,,,,F,4,8.5,A,3,NA,NA,NA,NA,
,,,,F,4,8.5,A,3,NA,NA,NA,NA,
,,,,F,5,7,A,3,NA,NA,NA,NA,
,,,,F,4,7.5,A,3,NA,NA,NA,NA,
9/22/22,WL,UYGR,Removed,F,4,8,A,3,NA,NA,NA,NA,end
8/22/22,WL,UYK,Dead,F,3,7.5,A,3,NA,NA,NA,NA,start
,,,,F,2,7,A,3,NA,NA,NA,NA,
,,,,F,4,5.5,A,3,NA,NA,NA,NA,
,,,,F,4,7,A,3,NA,NA,NA,NA,
,,,,F,3,5.5,A,3,NA,NA,NA,NA,
,,,,F,3,4,A,3,NA,NA,NA,NA,
,,,,F,3,7,A,3,NA,NA,NA,NA,
9/19/22,WL,UYK,Dead,F,N/A,N/A,D,3,NA,NA,NA,NA,end
8/22/22,WL,UYKR,Removed,F,1,4.5,A,3,NA,NA,NA,NA,start
,,,,F,3,8,A,3,NA,NA,NA,NA,
,,,,F,2,7,A,3,NA,NA,NA,NA,
,,,,F,2,7.5,A,3,NA,NA,NA,NA,
,,,,F,2,7,A,3,NA,NA,NA,NA,
,,,,F,1,3,A,3,NA,NA,NA,NA,
,,,,F,2,7,A,3,NA,NA,NA,NA,
,,,,F,1,5.5,A,3,NA,NA,NA,NA,
,,,,F,3,5,A,3,NA,NA,NA,NA,
9/22/22,WL,UYKR,Removed,F,3,3,A,3,NA,NA,NA,NA,end
,,,,F,1,4.5,A,3,NA,NA,NA,NA,
8/22/22,WL,UYKY,Removed,F,1,3,A,3,NA,NA,NA,NA,start
,,,,F,3,8,A,3,NA,NA,NA,NA,
,,,,F,2,6,A,3,NA,NA,NA,NA,
,,,,F,1,5,A,3,NA,NA,NA,NA,
,,,,F,2,5.5,A,3,NA,NA,NA,NA,
,,,,F,2,2.5,A,3,NA,NA,NA,NA,
,,,,F,2,4.5,A,3,NA,NA,NA,NA,
,,,,F,2,4.5,A,3,NA,NA,NA,NA,
9/22/22,WL,UYKY,Removed,F,2,4,A,3,NA,NA,NA,NA,end
8/22/22,WL,UYR,Dead,F,2,4.5,A,3,NA,NA,NA,NA,start
,,,,F,2,6,A,3,NA,NA,NA,NA,
,,,,F,1,3.5,A,3,NA,NA,NA,NA,
,,,,F,4,7,A,3,NA,NA,NA,NA,
,,,,F,4,5.5,A,3,NA,NA,NA,NA,
,,,,F,5,8.5,A,3,NA,NA,NA,NA,
9/12/22,WL,UYR,Dead,F,4,4,A,3,NA,NA,NA,NA,end
8/22/22,WL,UYRY,Dead,F,4,4.5,A,3,NA,NA,NA,NA,start
,,,,F,N/A,N/A,D,3,NA,NA,NA,NA,
,,,,F,3,7,A,3,NA,NA,NA,NA,
,,,,F,2,7,A,3,NA,NA,NA,NA,
,,,,F,3,5.5,A,3,NA,NA,NA,NA,
,,,,F,5,7,A,3,NA,NA,NA,NA,
9/12/22,WL,UYRY,Dead,F,N/A,N/A,D,3,NA,NA,NA,NA,end
8/22/22,WL,UYW,Removed,F,3,6.5,A,3,NA,NA,NA,NA,start
,,,,F,1,5,A,3,NA,NA,NA,NA,
,,,,F,2,4,A,3,NA,NA,NA,NA,
,,,,F,3,6,A,3,NA,NA,NA,NA,
,,,,F,3,4.5,A,3,NA,NA,NA,NA,
,,,,F,2,5,A,3,NA,NA,NA,NA,
,,,,F,3,5,A,3,NA,NA,NA,NA,
,,,,F,3,4.5,A,3,NA,NA,NA,NA,
,,,,F,3,3,A,3,NA,NA,NA,NA,
9/22/22,WL,UYW,Removed,F,1,4,A,3,NA,NA,NA,NA,end
8/6/21,CML,YB,Removed,F,NA,10,A,3,NA,NA,NA,NA,start
,,,,F,NA,6.5,A,3,NA,NA,NA,NA,
,,,,F,NA,6.5,A,3,NA,NA,NA,NA,
,,,,F,NA,6,A,3,NA,NA,NA,NA,
,,,,F,NA,6,A,3,NA,NA,NA,NA,
,,,,F,NA,5,A,3,NA,NA,NA,NA,
,,,,F,NA,5,A,3,NA,NA,NA,NA,
,,,,F,NA,4.5,A,3,NA,NA,NA,NA,
,,,,F,NA,4,A,3,NA,NA,NA,NA,
9/7/21,CML,YB,Removed,F,NA,4,A,3,NA,NA,NA,NA,end
7/22/21,WL,YBBB,Removed,F,NA,9,A,3,NA,NA,NA,NA,start
,,,,F,NA,8,A,3,NA,NA,NA,NA,
,,,,F,NA,7.5,A,3,NA,NA,NA,NA,
,,,,F,NA,7,A,3,NA,NA,NA,NA,
,,,,F,NA,6.5,A,3,NA,NA,NA,NA,
,,,,F,NA,5,A,3,NA,NA,NA,NA,
,,,,F,NA,5,A,3,NA,NA,NA,NA,
,,,,F,NA,4.5,A,3,NA,NA,NA,NA,
,,,,F,NA,4.5,A,3,NA,NA,NA,NA,
,,,,F,NA,5,A,3,NA,NA,NA,NA,
,,,,F,NA,6,A,3,NA,NA,NA,NA,
,,,,F,NA,5,A,3,NA,NA,NA,NA,
9/2/21,WL,YBBB,Removed,F,NA,5,A,3,NA,NA,NA,NA,end
7/22/21,WL,YBBG,Removed,F,NA,9,A,3,NA,NA,NA,NA,start
,,,,F,NA,7.5,A,3,NA,NA,NA,NA,
,,,,F,NA,8,A,3,NA,NA,NA,NA,
,,,,F,NA,7,A,3,NA,NA,NA,NA,
,,,,F,NA,7,A,3,NA,NA,NA,NA,
,,,,F,NA,6,A,3,NA,NA,NA,NA,
,,,,F,NA,6.5,A,3,NA,NA,NA,NA,
,,,,F,NA,6,A,3,NA,NA,NA,NA,
,,,,F,NA,5.5,A,3,NA,NA,NA,NA,
,,,,F,NA,5,A,3,NA,NA,NA,NA,
,,,,F,NA,5,A,3,NA,NA,NA,NA,
,,,,F,NA,4.5,A,3,NA,NA,NA,NA,
9/2/21,WL,YBBG,Removed,F,NA,4,A,3,NA,NA,NA,NA,end
7/22/21,WL,YBBK,Dead,F,NA,10,A,3,NA,NA,NA,NA,start
,,,,F,NA,9.5,A,3,NA,NA,NA,NA,
,,,,F,NA,9,A,3,NA,NA,NA,NA,
,,,,F,NA,8.5,A,3,NA,NA,NA,NA,
,,,,F,NA,8,A,3,NA,NA,NA,NA,
,,,,F,NA,7,A,3,NA,NA,NA,NA,
,,,,F,NA,6,A,3,NA,NA,NA,NA,
,,,,F,NA,5.5,A,3,NA,NA,NA,NA,
,,,,F,NA,5.5,A,3,NA,NA,NA,NA,
,,,,F,NA,4.5,A,3,NA,NA,NA,NA,
8/26/21,WL,YBBK,Dead,F,NA,NA,D,3,NA,NA,NA,NA,end
7/22/21,WL,YBBR,Dead,F,NA,9,A,3,NA,NA,NA,NA,start
,,,,F,NA,6.5,A,3,NA,NA,NA,NA,
,,,,F,NA,5.5,A,3,NA,NA,NA,NA,
,,,,F,NA,8,A,3,NA,NA,NA,NA,
8/6/21,WL,YBBR,Dead,F,NA,6.5,A,3,NA,NA,NA,NA,end
8/6/21,CML,YBBY,Removed,F,NA,7.5,A,3,NA,NA,NA,NA,start
,,,,F,NA,9.5,A,3,NA,NA,NA,NA,
,,,,F,NA,10.5,A,3,NA,NA,NA,NA,
,,,,F,NA,9,A,3,NA,NA,NA,NA,
,,,,F,NA,10,A,3,NA,NA,NA,NA,
,,,,F,NA,10.5,A,3,NA,NA,NA,NA,
,,,,F,NA,9,A,3,NA,NA,NA,NA,
,,,,F,NA,8,A,3,NA,NA,NA,NA,
,,,,F,NA,9.5,A,3,NA,NA,NA,NA,
9/7/21,CML,YBBY,Removed,F,NA,8.5,A,3,NA,NA,NA,NA,end
7/22/21,WL,YBG,Dead,F,NA,8.5,A,3,NA,NA,NA,NA,start
,,,,F,NA,9,A,3,NA,NA,NA,NA,
,,,,F,NA,10,A,3,NA,NA,NA,NA,
,,,,F,NA,9.5,A,3,NA,NA,NA,NA,
,,,,F,NA,NA,D,NA,NA,NA,NA,NA,
,,,,F,NA,8,A,3,NA,NA,NA,NA,
8/12/21,WL,YBG,Dead,F,NA,11,A,3,NA,NA,NA,NA,end
8/6/21,CML,YBGR,Molted,F,NA,11,A,3,NA,NA,NA,NA,start
,,,,F,NA,8,A,2,NA,NA,NA,NA,
,,,,F,NA,4,M,1,NA,NA,NA,NA,
,,,,F,NA,12,A,3,NA,NA,NA,NA,
8/19/21,CML,YBGR,Molted,F,NA,10,A,3,NA,NA,NA,NA,end
8/6/21,CML,YBGW,Molted,F,NA,10,A,3,NA,NA,NA,NA,start
,,,,F,NA,9,A,3,NA,NA,NA,NA,
,,,,F,NA,5,M,1,NA,NA,NA,NA,
,,,,F,NA,10.5,A,3,NA,NA,NA,NA,
8/19/21,CML,YBGW,Molted,F,NA,7,A,3,NA,NA,NA,NA,end
8/6/21,CML,YBGY,Removed,F,NA,7.5,A,3,NA,NA,NA,NA,start
,,,,F,NA,7,A,3,NA,NA,NA,NA,
,,,,F,NA,7,A,3,NA,NA,NA,NA,
,,,,F,NA,7,A,3,NA,NA,NA,NA,
,,,,F,NA,6,A,3,NA,NA,NA,NA,
,,,,F,NA,6,A,3,NA,NA,NA,NA,
,,,,F,NA,5.5,A,3,NA,NA,NA,NA,
,,,,F,NA,4,A,3,NA,NA,NA,NA,
,,,,F,NA,6,A,3,NA,NA,NA,NA,
9/7/21,CML,YBGY,Removed,F,NA,4.5,A,3,NA,NA,NA,NA,end
7/22/21,WL,YBK,Dead,F,NA,NA,D,NA,NA,NA,NA,NA,start
,,,,F,NA,12,A,3,NA,NA,NA,NA,
7/29/21,WL,YBK,Dead,F,NA,6,A,3,NA,NA,NA,NA,end
8/6/21,CML,YBKG,Dead,F,NA,4.5,A,3,NA,NA,NA,NA,start
,,,,F,NA,NA,D,NA,NA,NA,NA,NA,
,,,,F,NA,8,A,3,NA,NA,NA,NA,
8/17/21,CML,YBKG,Dead,F,NA,6,A,3,NA,NA,NA,NA,end
8/6/21,CML,YBKW,Removed,F,NA,6.5,A,3,NA,NA,NA,NA,start
,,,,F,NA,6,A,3,NA,NA,NA,NA,
,,,,F,NA,5.5,A,3,NA,NA,NA,NA,
,,,,F,NA,5.5,A,3,NA,NA,NA,NA,
,,,,F,NA,5,A,3,NA,NA,NA,NA,
,,,,F,NA,5.5,A,3,NA,NA,NA,NA,
,,,,F,NA,4.5,A,3,NA,NA,NA,NA,
,,,,F,NA,4,A,3,NA,NA,NA,NA,
,,,,F,NA,8.5,A,3,NA,NA,NA,NA,
9/7/21,CML,YBKW,Removed,F,NA,8,A,3,NA,NA,NA,NA,end
7/22/21,WL,YBKY,Removed,F,NA,7,A,3,NA,NA,NA,NA,start
,,,,F,NA,7,A,3,NA,NA,NA,NA,
,,,,F,NA,6.5,A,3,NA,NA,NA,NA,
,,,,F,NA,6,A,3,NA,NA,NA,NA,
,,,,F,NA,6,A,3,NA,NA,NA,NA,
,,,,F,NA,5.5,A,3,NA,NA,NA,NA,
,,,,F,NA,5.5,A,3,NA,NA,NA,NA,
,,,,F,NA,5,A,3,NA,NA,NA,NA,
,,,,F,NA,5,A,3,NA,NA,NA,NA,
,,,,F,NA,5.5,A,3,NA,NA,NA,NA,
,,,,F,NA,4,A,3,NA,NA,NA,NA,
,,,,F,NA,7.5,A,3,NA,NA,NA,NA,
9/2/21,WL,YBKY,Removed,F,NA,7,A,3,NA,NA,NA,NA,end
8/6/21,CML,YBR,Removed,F,NA,7.5,A,3,NA,NA,NA,NA,start
,,,,F,NA,6.5,A,3,NA,NA,NA,NA,
,,,,F,NA,7,A,3,NA,NA,NA,NA,
,,,,F,NA,6,A,3,NA,NA,NA,NA,
,,,,F,NA,6.5,A,3,NA,NA,NA,NA,
,,,,F,NA,6.5,A,3,NA,NA,NA,NA,
,,,,F,NA,6,A,3,NA,NA,NA,NA,
,,,,F,NA,5,A,3,NA,NA,NA,NA,
,,,,F,NA,8,A,3,NA,NA,NA,NA,
9/7/21,CML,YBR,Removed,F,NA,9,A,3,NA,NA,NA,NA,end
8/6/21,CML,YBRB,Removed,F,NA,7,A,3,NA,NA,NA,NA,start
,,,,F,NA,6.5,A,3,NA,NA,NA,NA,
,,,,F,NA,6.5,A,3,NA,NA,NA,NA,
,,,,F,NA,6.5,A,3,NA,NA,NA,NA,
,,,,F,NA,6,A,3,NA,NA,NA,NA,
,,,,F,NA,5.5,A,3,NA,NA,NA,NA,
,,,,F,NA,5,A,3,NA,NA,NA,NA,
,,,,F,NA,4.5,A,3,NA,NA,NA,NA,
,,,,F,NA,13,A,3,NA,NA,NA,NA,
9/7/21,CML,YBRB,Removed,F,NA,6.5,A,3,NA,NA,NA,NA,end
8/6/21,CML,YBRW,Dead,F,NA,7,A,3,NA,NA,NA,NA,start
,,,,F,NA,6.5,A,3,NA,NA,NA,NA,
,,,,F,NA,6,A,3,NA,NA,NA,NA,
,,,,F,NA,5.5,A,3,NA,NA,NA,NA,
,,,,F,NA,5.5,A,3,NA,NA,NA,NA,
,,,,F,NA,5.5,A,3,NA,NA,NA,NA,
,,,,F,NA,5,A,3,NA,NA,NA,NA,
,,,,F,NA,NA,D,NA,NA,NA,NA,NA,
,,,,F,NA,6,A,3,NA,NA,NA,NA,
9/7/21,CML,YBRW,Dead,F,NA,NA,D,NA,NA,NA,NA,NA,end
7/22/21,WL,YBRY,Dead,F,NA,7,A,3,NA,NA,NA,NA,start
7/26/21,WL,YBRY,Dead,F,NA,5.5,A,3,NA,NA,NA,NA,end
7/22/21,WL,YBW,Removed,F,NA,5.5,A,3,NA,NA,NA,NA,start
,,,,F,NA,5,A,3,NA,NA,NA,NA,
,,,,F,NA,4.5,A,3,NA,NA,NA,NA,
,,,,F,NA,4.5,A,3,NA,NA,NA,NA,
,,,,F,NA,5,A,3,NA,NA,NA,NA,
,,,,F,NA,4.5,A,3,NA,NA,NA,NA,
,,,,F,NA,4.5,A,3,NA,NA,NA,NA,
,,,,F,NA,4,A,3,NA,NA,NA,NA,
,,,,F,NA,4,A,3,NA,NA,NA,NA,
,,,,F,NA,4,A,3,NA,NA,NA,NA,
,,,,F,NA,4,A,3,NA,NA,NA,NA,
,,,,F,NA,10,A,3,NA,NA,NA,NA,
9/2/21,WL,YBW,Removed,F,NA,7,A,3,NA,NA,NA,NA,end
7/22/21,WL,YBWG,Removed,F,NA,9,A,3,NA,NA,NA,NA,start
,,,,F,NA,4,A,3,NA,NA,NA,NA,
,,,,F,NA,8,A,3,NA,NA,NA,NA,
,,,,F,NA,8,A,3,NA,NA,NA,NA,
,,,,F,NA,7.5,A,3,NA,NA,NA,NA,
,,,,F,NA,8.5,A,3,NA,NA,NA,NA,
,,,,F,NA,8,A,3,NA,NA,NA,NA,
,,,,F,NA,8.5,A,3,NA,NA,NA,NA,
,,,,F,NA,8,A,3,NA,NA,NA,NA,
,,,,F,NA,8,A,3,NA,NA,NA,NA,
,,,,F,NA,10.5,A,3,NA,NA,NA,NA,
9/2/21,WL,YBWG,Removed,F,NA,9,A,3,NA,NA,NA,NA,end
8/6/21,CML,YBWW,Dead,F,NA,9,A,3,NA,NA,NA,NA,start
,,,,F,NA,7.5,A,3,NA,NA,NA,NA,
,,,,F,NA,7.5,A,3,NA,NA,NA,NA,
,,,,F,NA,4,A,3,NA,NA,NA,NA,
,,,,F,NA,7,A,3,NA,NA,NA,NA,
,,,,F,NA,NA,D,NA,NA,NA,NA,NA,
,,,,F,NA,8,A,3,NA,NA,NA,NA,
8/31/21,CML,YBWW,Dead,F,NA,8.5,A,3,NA,NA,NA,NA,end
7/22/21,WL,YBWY,Removed,F,NA,8,A,3,NA,NA,NA,NA,start
,,,,F,NA,8.5,A,3,NA,NA,NA,NA,
,,,,F,NA,8,A,3,NA,NA,NA,NA,
,,,,F,NA,5,A,3,NA,NA,NA,NA,
,,,,F,NA,7,A,3,NA,NA,NA,NA,
,,,,F,NA,7,A,3,NA,NA,NA,NA,
,,,,F,NA,7,A,3,NA,NA,NA,NA,
,,,,F,NA,6.5,A,3,NA,NA,NA,NA,
,,,,F,NA,7,A,3,NA,NA,NA,NA,
,,,,F,NA,6,A,3,NA,NA,NA,NA,
,,,,F,NA,5.5,A,3,NA,NA,NA,NA,
,,,,F,NA,12,A,3,NA,NA,NA,NA,
9/2/21,WL,YBWY,Removed,F,NA,7,M,2,NA,NA,NA,NA,end
7/22/21,WL,YBY,Molted,F,NA,4,A,3,NA,NA,NA,NA,start
7/26/21,WL,YBY,Molted,F,NA,NA,D,NA,NA,NA,NA,NA,end
7/22/21,WL,YBYB,Molted,F,NA,12,A,3,NA,NA,NA,NA,start
,,,,F,NA,10,A,3,NA,NA,NA,NA,
,,,,F,NA,10,A,3,NA,NA,NA,NA,
,,,,F,NA,9.5,A,3,NA,NA,NA,NA,
,,,,F,NA,9.5,A,3,NA,NA,NA,NA,
,,,,F,NA,8.5,A,3,NA,NA,NA,NA,
8/12/21,WL,YBYB,Molted,F,NA,5,M,2,NA,NA,NA,NA,end
7/22/21,WL,YBYK,Removed,F,NA,9,A,3,NA,NA,NA,NA,start
,,,,F,NA,8,A,3,NA,NA,NA,NA,
,,,,F,NA,8,A,3,NA,NA,NA,NA,
,,,,F,NA,7,A,3,NA,NA,NA,NA,
,,,,F,NA,8,A,3,NA,NA,NA,NA,
,,,,F,NA,7.5,A,3,NA,NA,NA,NA,
,,,,F,NA,7,A,3,NA,NA,NA,NA,
,,,,F,NA,7,A,3,NA,NA,NA,NA,
,,,,F,NA,7.5,A,3,NA,NA,NA,NA,
,,,,F,NA,7,A,3,NA,NA,NA,NA,
,,,,F,NA,7,A,3,NA,NA,NA,NA,
,,,,F,NA,7,A,3,NA,NA,NA,NA,
9/2/21,WL,YBYK,Removed,F,NA,6,A,3,NA,NA,NA,NA,end
7/22/21,WL,YBYW,Dead,F,NA,13,A,3,NA,NA,NA,NA,start
,,,,F,NA,11.5,A,3,NA,NA,NA,NA,
,,,,F,NA,11.5,A,3,NA,NA,NA,NA,
,,,,F,NA,11,A,3,NA,NA,NA,NA,
,,,,F,NA,10.5,A,3,NA,NA,NA,NA,
,,,,F,NA,10,A,3,NA,NA,NA,NA,
,,,,F,NA,9,A,3,NA,NA,NA,NA,
,,,,F,NA,8.5,A,3,NA,NA,NA,NA,
,,,,F,NA,6,A,3,NA,NA,NA,NA,
,,,,F,NA,5.5,A,3,NA,NA,NA,NA,
,,,,F,NA,5,A,3,NA,NA,NA,NA,
,,,,F,NA,5,A,3,NA,NA,NA,NA,
9/2/21,WL,YBYW,Dead,F,NA,NA,D,3,NA,NA,NA,NA,end
8/6/21,CML,YY,Removed,F,NA,8,A,3,NA,NA,NA,NA,start
,,,,F,NA,7,A,3,NA,NA,NA,NA,
,,,,F,NA,7,A,3,NA,NA,NA,NA,
,,,,F,NA,6.5,A,3,NA,NA,NA,NA,
,,,,F,NA,5.5,A,3,NA,NA,NA,NA,
,,,,F,NA,6,A,3,NA,NA,NA,NA,
,,,,F,NA,6,A,3,NA,NA,NA,NA,
,,,,F,NA,5.5,A,3,NA,NA,NA,NA,
,,,,F,NA,5.5,A,3,NA,NA,NA,NA,
9/7/21,CML,YY,Removed,F,NA,5,A,3,NA,NA,NA,NA,end
7/22/21,WL,YYG,Molted,F,NA,13.5,A,3,NA,NA,NA,NA,start
7/26/21,WL,YYG,Molted,F,NA,6,M,2,NA,NA,NA,NA,end
7/22/21,WL,YYGR,Dead,F,NA,6,A,3,NA,NA,NA,NA,start
,,,,F,NA,6,A,3,NA,NA,NA,NA,
,,,,F,NA,6,A,3,NA,NA,NA,NA,
,,,,F,NA,5.5,A,3,NA,NA,NA,NA,
,,,,F,NA,8,A,3,NA,NA,NA,NA,
,,,,F,NA,4.5,A,3,NA,NA,NA,NA,
,,,,F,NA,5,A,3,NA,NA,NA,NA,
,,,,F,NA,4,A,3,NA,NA,NA,NA,
,,,,F,NA,4,A,3,NA,NA,NA,NA,
,,,,F,NA,3.5,A,3,NA,NA,NA,NA,
,,,,F,NA,4,A,3,NA,NA,NA,NA,
8/30/21,WL,YYGR,Dead,F,NA,NA,D,3,NA,NA,NA,NA,end
8/6/21,CML,YYGW,Removed,F,NA,11,A,3,NA,NA,NA,NA,start
,,,,F,NA,9.5,A,3,NA,NA,NA,NA,
,,,,F,NA,8.5,A,3,NA,NA,NA,NA,
,,,,F,NA,9,A,3,NA,NA,NA,NA,
,,,,F,NA,9,A,3,NA,NA,NA,NA,
,,,,F,NA,9,A,3,NA,NA,NA,NA,
,,,,F,NA,8,A,3,NA,NA,NA,NA,
,,,,F,NA,8.5,A,3,NA,NA,NA,NA,
,,,,F,NA,7,A,3,NA,NA,NA,NA,
9/7/21,CML,YYGW,Removed,F,NA,7.5,A,3,NA,NA,NA,NA,end
8/6/21,CML,YYGY,Molted,F,NA,12,A,3,NA,NA,NA,NA,start
,,,,F,NA,8,A,3,NA,NA,NA,NA,
,,,,F,NA,9,A,3,NA,NA,NA,NA,
8/17/21,CML,YYGY,Molted,F,NA,5,M,1,NA,NA,NA,NA,end
8/6/21,CML,YYK,Dead,F,NA,10,A,3,NA,NA,NA,NA,start
8/10/21,CML,YYK,Dead,F,NA,NA,NA,NA,NA,NA,NA,NA,end
8/6/21,CML,YYR,Molted,F,NA,7.5,A,3,NA,NA,NA,NA,start
,,,,F,NA,7,A,3,NA,NA,NA,NA,
,,,,F,NA,6.5,A,3,NA,NA,NA,NA,
,,,,F,NA,6.5,A,3,NA,NA,NA,NA,
,,,,F,NA,7,A,3,NA,NA,NA,NA,
,,,,F,NA,6,A,3,NA,NA,NA,NA,
,,,,F,NA,6.5,A,3,NA,NA,NA,NA,
,,,,F,NA,6,A,3,NA,NA,NA,NA,
9/3/21,CML,YYR,Molted,F,NA,4,M,1,NA,NA,NA,NA,end
7/22/21,WL,YYW,Dead,F,NA,9,A,3,NA,NA,NA,NA,start
,,,,F,NA,7.5,A,3,NA,NA,NA,NA,
,,,,F,NA,8,A,3,NA,NA,NA,NA,
,,,,F,NA,7,A,3,NA,NA,NA,NA,
,,,,F,NA,7,A,3,NA,NA,NA,NA,
,,,,F,NA,6.5,A,3,NA,NA,NA,NA,
,,,,F,NA,6.5,A,3,NA,NA,NA,NA,
,,,,F,NA,5.5,A,3,NA,NA,NA,NA,
8/19/21,WL,YYW,Dead,F,NA,NA,D,3,NA,NA,NA,NA,end
8/6/21,CML,YYY,Molted,F,NA,9,A,3,NA,NA,NA,NA,start
,,,,F,NA,9.5,A,3,NA,NA,NA,NA,
,,,,F,NA,9.5,A,3,NA,NA,NA,NA,
,,,,F,NA,9,A,3,NA,NA,NA,NA,
,,,,F,NA,8.5,A,2,NA,NA,NA,NA,
8/24/21,CML,YYY,Molted,F,NA,3,M,3,NA,NA,NA,NA,end
8/6/21,CML,YYYG,Removed,F,NA,12,A,3,NA,NA,NA,NA,start
,,,,F,NA,8,A,3,NA,NA,NA,NA,
,,,,F,NA,9,A,3,NA,NA,NA,NA,
,,,,F,NA,8.5,A,3,NA,NA,NA,NA,
,,,,F,NA,6.5,A,3,NA,NA,NA,NA,
,,,,F,NA,7.5,A,3,NA,NA,NA,NA,
,,,,F,NA,7.5,A,3,NA,NA,NA,NA,
,,,,F,NA,4.5,A,3,NA,NA,NA,NA,
,,,,F,NA,6.5,A,3,NA,NA,NA,NA,
9/7/21,CML,YYYG,Removed,F,NA,7,A,3,NA,NA,NA,NA,end
8/6/21,CML,YYYK,Molted,F,NA,7.5,A,3,NA,NA,NA,NA,start
,,,,F,NA,10.5,A,3,NA,NA,NA,NA,
,,,,F,NA,10,A,3,NA,NA,NA,NA,
,,,,F,NA,8.5,A,3,NA,NA,NA,NA,
,,,,F,NA,9,A,3,NA,NA,NA,NA,
,,,,F,NA,8.5,A,2,NA,NA,NA,NA,
8/27/21,CML,YYYK,Molted,F,NA,4.5,M,1,NA,NA,NA,NA,end
8/6/21,CML,YYYW,Removed,F,NA,9.5,A,3,NA,NA,NA,NA,start
,,,,F,NA,5,A,3,NA,NA,NA,NA,
,,,,F,NA,9.5,A,3,NA,NA,NA,NA,
,,,,F,NA,11,A,3,NA,NA,NA,NA,
,,,,F,NA,13,A,3,NA,NA,NA,NA,
,,,,F,NA,12.5,A,3,NA,NA,NA,NA,
,,,,F,NA,12,A,3,NA,NA,NA,NA,
,,,,F,NA,9.5,A,3,NA,NA,NA,NA,
,,,,F,NA,8.5,A,3,NA,NA,NA,NA,
9/7/21,CML,YYYW,Removed,F,NA,8.5,A,3,NA,NA,NA,NA,end
,,,,,,,,,,,,,
,,,,,,6.796701031,,,,,,,
,,,,,,13.5,,,,,,,