date,condo_id,crab_id,sex,hemo_color,hemo_ri,status,shell_hardness,cw_post_molt,mass_post_molt,digital_ri,ca,days_from_molt,pre_post
6/10/21,WL,BGBG,M,NA,NA,A,3,NA,NA,NA,NA,21,NA
6/14/21,WL,BGBG,M,NA,10.5,A,3,NA,NA,NA,NA,17,NA
6/18/21,WL,BGBG,M,NA,NA,A,3,NA,NA,NA,NA,13,NA
6/21/21,WL,BGBG,M,NA,11,A,3,NA,NA,NA,NA,10,NA
6/24/21,WL,BGBG,M,NA,NA,A,3,NA,NA,NA,NA,7,NA
6/28/21,WL,BGBG,M,NA,11.5,A,3,NA,NA,NA,NA,3,pre
7/1/21,WL,BGBG,M,NA,NA,M,3,NA,NA,NA,NA,0,post
6/3/21,WL,BGG,M,NA,NA,A,2,NA,NA,NA,NA,18,NA
6/7/21,WL,BGG,M,NA,6.5,A,2,NA,NA,NA,NA,14,NA
6/10/21,WL,BGG,M,NA,NA,A,2,NA,NA,NA,NA,11,NA
6/14/21,WL,BGG,M,NA,9.5,A,2,NA,NA,NA,NA,7,NA
6/18/21,WL,BGG,M,NA,NA,A,3,NA,NA,NA,NA,3,pre
6/21/21,WL,BGG,M,NA,5.5,M,1,NA,NA,NA,NA,0,post
6/10/21,WL,BGKG,M,NA,NA,A,3,NA,NA,NA,NA,39,NA
6/14/21,WL,BGKG,M,NA,3.5,A,3,NA,NA,NA,NA,35,NA
6/18/21,WL,BGKG,M,NA,NA,A,3,NA,NA,NA,NA,31,NA
6/21/21,WL,BGKG,M,NA,8,A,3,NA,NA,NA,NA,28,NA
6/24/21,WL,BGKG,M,NA,NA,A,3,NA,NA,NA,NA,25,NA
6/28/21,WL,BGKG,M,NA,8,A,3,NA,NA,NA,NA,21,NA
7/1/21,WL,BGKG,M,NA,NA,A,3,NA,NA,NA,NA,18,NA
7/5/21,WL,BGKG,M,NA,7,A,3,NA,NA,NA,NA,14,NA
7/8/21,WL,BGKG,M,NA,NA,A,3,NA,NA,NA,NA,11,NA
7/12/21,WL,BGKG,M,NA,6.5,A,3,NA,NA,NA,NA,7,NA
7/15/21,WL,BGKG,M,NA,NA,A,3,NA,NA,NA,NA,4,pre
7/19/21,WL,BGKG,M,NA,NA,M,1,NA,NA,NA,NA,0,post
6/3/21,WL,BGKY,M,NA,NA,A,3,NA,NA,NA,NA,11,NA
6/7/21,WL,BGKY,M,NA,4.5,A,3,NA,NA,NA,NA,7,NA
6/10/21,WL,BGKY,M,NA,NA,A,3,NA,NA,NA,NA,4,pre
6/14/21,WL,BGKY,M,NA,5.5,M,1,NA,NA,NA,NA,0,post
6/13/22,WL,GBB,M,2,5.5,A,3,NA,NA,NA,NA,31,NA
6/16/22,WL,GBB,M,3,9,A,3,NA,NA,9,353,28,NA
6/21/22,WL,GBB,M,1,4,A,3,NA,NA,NA,NA,23,NA
6/23/22,WL,GBB,M,3,5.5,A,3,NA,NA,NA,NA,21,NA
6/30/22,WL,GBB,M,3,8,A,3,NA,NA,NA,309,14,NA
7/5/22,WL,GBB,M,3,8,A,3,NA,NA,7.8,316,9,NA
7/7/22,WL,GBB,M,3,7,A,3,NA,NA,6.9,328,7,NA
7/11/22,WL,GBB,M,3,5,A,3,NA,NA,NA,277,3,pre
7/14/22,WL,GBB,M,1,3.5,P,1,54,NA,3.9,335,0,post
5/19/22,WL,GBGB,M,4,8.5,A,3,NA,NA,NA,NA,12,NA
5/23/22,WL,GBGB,M,3,8,A,3,NA,NA,NA,NA,8,NA
5/26/22,WL,GBGB,M,3,6.5,A,3,NA,NA,NA,NA,5,pre
5/31/22,WL,GBGB,M,NA,NA,M,2,53,36.4,NA,NA,0,post
5/19/22,WL,GBGG,M,3,12,A,3,NA,NA,NA,NA,25,NA
5/23/22,WL,GBGG,M,2,5,A,3,NA,NA,NA,NA,21,NA
5/26/22,WL,GBGG,M,3,9,A,3,NA,NA,NA,NA,18,NA
5/31/22,WL,GBGG,M,3,7,A,3,NA,NA,NA,NA,13,NA
6/2/22,WL,GBGG,M,1,3.5,A,3,NA,NA,NA,NA,11,NA
6/6/22,WL,GBGG,M,3,7,A,3,NA,NA,NA,NA,7,NA
6/8/22,WL,GBGG,M,3,9,A,3,NA,NA,NA,NA,5,pre
6/13/22,WL,GBGG,M,3,5,M,2,61,52.6,NA,NA,0,post
5/19/22,WL,GBGY,M,3,9.5,A,3,NA,NA,NA,NA,4,pre
5/23/22,WL,GBGY,M,1,5,M,1,60,52.3,NA,NA,0,post
5/19/22,WL,GBKR,M,3,10,A,3,NA,NA,NA,NA,18,NA
5/23/22,WL,GBKR,M,3,10.5,A,3,NA,NA,NA,NA,14,NA
5/26/22,WL,GBKR,M,3,7.5,A,3,NA,NA,NA,NA,11,NA
5/31/22,WL,GBKR,M,3,8,A,3,NA,NA,NA,NA,6,NA
6/2/22,WL,GBKR,M,3,5.5,A,3,NA,NA,NA,NA,4,pre
6/6/22,WL,GBKR,M,NA,NA,D,NA,NA,NA,NA,NA,0,post
5/19/22,WL,GBWK,M,3,8,A,3,NA,NA,NA,NA,18,NA
5/23/22,WL,GBWK,M,3,8.5,A,3,NA,NA,NA,NA,14,NA
5/26/22,WL,GBWK,M,4,6,A,3,NA,NA,NA,NA,11,NA
5/31/22,WL,GBWK,M,3,5,A,3,NA,NA,NA,NA,6,NA
6/2/22,WL,GBWK,M,2,4.5,A,3,NA,NA,NA,NA,4,pre
6/6/22,WL,GBWK,M,3,4,M,1,68,72.3,NA,NA,0,post
5/19/22,WL,GBYB,M,4,11,A,3,NA,NA,NA,NA,12,NA
5/23/22,WL,GBYB,M,5,10,A,3,NA,NA,NA,NA,8,NA
5/26/22,WL,GBYB,M,4,7,A,3,NA,NA,NA,NA,5,pre
5/31/22,WL,GBYB,M,NA,NA,D,NA,NA,NA,NA,NA,0,post
5/19/22,WL,GGBR,M,3,9.5,A,3,NA,NA,NA,NA,25,NA
5/23/22,WL,GGBR,M,3,9.5,A,3,NA,NA,NA,NA,21,NA
5/26/22,WL,GGBR,M,4,10,A,3,NA,NA,NA,NA,18,NA
5/31/22,WL,GGBR,M,3,5.5,A,3,NA,NA,NA,NA,13,NA
6/6/22,WL,GGBR,M,3,6,A,3,NA,NA,NA,NA,7,NA
6/8/22,WL,GGBR,M,3,9,A,3,NA,NA,NA,NA,5,pre
6/13/22,WL,GGBR,M,NA,NA,MIA,NA,NA,NA,NA,NA,0,post
5/19/22,WL,GGBY,M,3,11.5,A,3,NA,NA,NA,NA,12,NA
5/23/22,WL,GGBY,M,3,11,A,3,NA,NA,NA,NA,8,NA
5/26/22,WL,GGBY,M,3,7.5,A,3,NA,NA,NA,NA,5,pre
5/31/22,WL,GGBY,M,NA,NA,M,2,53,35.1,NA,NA,0,post
5/31/22,WL,GGGW,M,3,10.5,A,3,NA,NA,NA,NA,13,NA
6/2/22,WL,GGGW,M,3,7.5,A,3,NA,NA,NA,NA,11,NA
6/6/22,WL,GGGW,M,3,9,A,3,NA,NA,NA,NA,7,NA
6/8/22,WL,GGGW,M,4,11,A,3,NA,NA,NA,NA,5,pre
6/13/22,WL,GGGW,M,3,7,P,3,NA,NA,NA,NA,0,post
5/23/22,WL,GGGY,M,4,10,A,3,NA,NA,NA,NA,10,NA
5/26/22,WL,GGGY,M,3,7,A,3,NA,NA,NA,NA,7,NA
5/31/22,WL,GGGY,M,3,4,A,3,NA,NA,NA,NA,2,pre
6/2/22,WL,GGGY,M,3,4.5,M,2,60,51.9,NA,NA,0,post
5/19/22,WL,GGKG,M,4,12.5,A,3,NA,NA,NA,NA,14,NA
5/23/22,WL,GGKG,M,1,6,A,3,NA,NA,NA,NA,10,NA
5/26/22,WL,GGKG,M,4,9,A,3,NA,NA,NA,NA,7,NA
5/31/22,WL,GGKG,M,3,4,A,3,NA,NA,NA,NA,2,pre
6/2/22,WL,GGKG,M,1,4,M,2,61,46.2,NA,NA,0,post
5/19/22,WL,GGKR,M,3,9.5,A,3,NA,NA,NA,NA,25,NA
5/23/22,WL,GGKR,M,1,7,A,3,NA,NA,NA,NA,21,NA
5/26/22,WL,GGKR,M,1,6,A,3,NA,NA,NA,NA,18,NA
5/31/22,WL,GGKR,M,3,5.5,A,3,NA,NA,NA,NA,13,NA
6/2/22,WL,GGKR,M,3,4.5,A,3,NA,NA,NA,NA,11,NA
6/6/22,WL,GGKR,M,1,5,A,3,NA,NA,NA,NA,7,NA
6/8/22,WL,GGKR,M,3,4.5,A,3,NA,NA,NA,NA,5,pre
6/13/22,WL,GGKR,M,1,3.5,M,2,59,49.3,NA,NA,0,post
6/13/22,WL,GGW,M,2,4,A,3,NA,NA,NA,NA,8,NA
6/16/22,WL,GGW,M,3,11,A,3,NA,NA,11.9,403,5,pre
6/21/22,WL,GGW,M,2,4,M,2,62,57.4,NA,NA,0,post
6/14/22,CML,K-BGY,M,3,5,A,2,NA,NA,NA,NA,18,NA
6/15/22,CML,K-BGY,M,NA,NA,A,3,NA,NA,NA,NA,14,NA
6/17/22,CML,K-BGY,M,2,6,M,1,62,48,NA,NA,10,pre
6/11/22,CML,K-BGY,M,4,10,A,3,NA,NA,NA,NA,7,post
6/11/22,CML,K-BYG,M,3,8,A,3,NA,NA,NA,NA,4,NA
6/14/22,CML,K-BYG,M,4,10,A,2,NA,NA,NA,NA,0,pre
6/15/22,CML,K-BYG,M,2,5,M,1,49,24,NA,NA,14,post
6/11/22,CML,K-GBR,M,4,11.5,A,3,NA,NA,NA,NA,10,NA
6/14/22,CML,K-GBR,M,4,9.5,A,3,NA,NA,NA,NA,6,NA
6/15/22,CML,K-GBR,M,NA,NA,A,3,NA,NA,NA,NA,3,NA
6/17/22,CML,K-GBR,M,3,5.5,A,3,NA,NA,NA,NA,0,NA
6/20/22,CML,K-GBR,M,NA,NA,A,3,NA,NA,NA,NA,24,NA
6/22/22,CML,K-GBR,M,3,5.5,A,3,NA,NA,NA,NA,21,NA
6/24/22,CML,K-GBR,M,NA,NA,A,3,NA,NA,NA,NA,18,pre
6/27/22,CML,K-GBR,M,2,6,M,2,57,na,NA,NA,14,post
6/10/21,WL,OBB,M,NA,NA,A,3,NA,NA,NA,NA,11,NA
6/14/21,WL,OBB,M,NA,5.5,A,3,NA,NA,NA,NA,7,NA
6/18/21,WL,OBB,M,NA,NA,A,3,NA,NA,NA,NA,4,NA
6/21/21,WL,OBB,M,NA,12,A,3,NA,NA,NA,NA,0,NA
6/24/21,WL,OBB,M,NA,NA,A,3,NA,NA,NA,NA,18,pre
6/28/21,WL,OBB,M,NA,6,M,2,NA,NA,NA,NA,14,post
6/10/21,WL,OBG,M,NA,NA,A,3,NA,NA,NA,NA,10,NA
6/14/21,WL,OBG,M,NA,8,A,3,NA,NA,NA,NA,7,NA
6/18/21,WL,OBG,M,NA,NA,A,3,NA,NA,NA,NA,4,NA
6/21/21,WL,OBG,M,NA,NA,P,3,NA,NA,NA,NA,0,pre
6/24/21,WL,OBG,M,NA,NA,M,2,NA,NA,NA,NA,7,post
6/18/21,WL,OBRW,M,NA,NA,A,3,NA,NA,NA,NA,24,NA
6/21/21,WL,OBRW,M,NA,11,A,3,NA,NA,NA,NA,21,NA
6/24/21,WL,OBRW,M,NA,NA,A,3,NA,NA,NA,NA,18,NA
6/28/21,WL,OBRW,M,NA,11,A,3,NA,NA,NA,NA,14,NA
7/1/21,WL,OBRW,M,NA,10.5,A,3,NA,NA,NA,NA,11,NA
7/5/21,WL,OBRW,M,NA,10,A,3,NA,NA,NA,NA,7,NA
7/8/21,WL,OBRW,M,NA,6,A,3,NA,NA,NA,NA,4,pre
7/12/21,WL,OBRW,M,NA,5,M,1,NA,NA,NA,NA,0,post
6/10/21,WL,OBYR,M,NA,NA,A,3,NA,NA,NA,NA,18,NA
6/14/21,WL,OBYR,M,NA,2.5,A,3,NA,NA,NA,NA,14,NA
6/18/21,WL,OBYR,M,NA,NA,A,3,NA,NA,NA,NA,10,NA
6/21/21,WL,OBYR,M,NA,11.5,A,3,NA,NA,NA,NA,7,NA
6/24/21,WL,OBYR,M,NA,NA,A,3,NA,NA,NA,NA,4,pre
6/28/21,WL,OBYR,M,NA,6,M,2,NA,NA,NA,NA,0,post
7/15/21,WL,PBBG,F,NA,13.5,A,3,NA,NA,NA,NA,13,NA
7/19/21,WL,PBBG,F,NA,NA,A,3,NA,NA,NA,NA,9,NA
7/22/21,WL,PBBG,F,NA,6.5,M,1,NA,NA,NA,NA,6,NA
7/19/21,WL,PBRG,F,NA,11.5,A,3,NA,NA,NA,NA,2,pre
7/22/21,WL,PBRG,F,NA,6,M,1,NA,NA,NA,NA,0,post
7/19/21,WL,PBW,F,NA,9.5,A,3,NA,NA,NA,NA,13,pre
7/22/21,WL,PBW,F,NA,5.5,M,1,NA,NA,NA,NA,9,post
7/15/21,WL,PBYW,F,NA,10,A,3,NA,NA,NA,NA,6,NA
7/19/21,WL,PBYW,F,NA,9,A,3,NA,NA,NA,NA,2,NA
7/22/21,WL,PBYW,F,NA,8,A,3,NA,NA,NA,NA,0,NA
7/26/21,WL,PBYW,F,NA,8,A,3,NA,NA,NA,NA,15,NA
7/29/21,WL,PBYW,F,NA,8,A,3,NA,NA,NA,NA,11,pre
8/2/21,WL,PBYW,F,NA,5,M,1,NA,NA,NA,NA,4,post
6/24/21,WL,PBYY,M,NA,NA,A,3,NA,NA,NA,NA,0,pre
6/28/21,WL,PBYY,M,NA,7,M,2,NA,NA,NA,NA,18,post
6/15/22,CML,R-BGG,M,4,8,A,3,NA,NA,NA,NA,14,NA
6/17/22,CML,R-BGG,M,4,7.5,A,3,NA,NA,NA,NA,11,NA
6/20/22,CML,R-BGG,M,NA,NA,A,3,NA,NA,NA,NA,7,NA
6/22/22,CML,R-BGG,M,3,4.5,A,3,NA,NA,NA,NA,3,NA
6/24/22,CML,R-BGG,M,NA,NA,A,2,NA,NA,NA,NA,0,pre
6/27/22,CML,R-BGG,M,2,4.5,M,1,60,na,NA,NA,4,post
6/15/22,CML,R-BRG,M,5,10.5,A,3,NA,NA,NA,NA,0,NA
6/17/22,CML,R-BRG,M,5,10,A,3,NA,NA,NA,NA,11,NA
6/20/22,CML,R-BRG,M,NA,NA,A,3,NA,NA,NA,NA,7,pre
6/22/22,CML,R-BRG,M,2,5,M,1,71,79,NA,NA,4,post
5/17/22,CML,R-GG,M,4,8,A,3,NA,NA,NA,NA,0,NA
5/21/22,CML,R-GG,M,5,9.5,A,3,NA,NA,NA,NA,28,NA
5/25/22,CML,R-GG,M,NA,NA,A,3,NA,NA,NA,NA,24,NA
5/27/22,CML,R-GG,M,4,8.5,A,3,NA,NA,NA,NA,21,pre
5/30/22,CML,R-GG,M,1,5,M,2,65,50.9,NA,NA,17,post
5/17/22,CML,R-KK,M,3,8.5,A,3,NA,NA,NA,NA,15,NA
5/21/22,CML,R-KK,M,3,8.5,A,3,NA,NA,NA,NA,10,NA
5/25/22,CML,R-KK,M,NA,NA,A,3,NA,NA,NA,NA,7,NA
5/27/22,CML,R-KK,M,3,6,A,3,NA,NA,NA,NA,3,NA
5/30/22,CML,R-KK,M,3,6,A,3,NA,NA,NA,NA,0,NA
6/1/22,CML,R-KK,M,NA,NA,A,3,NA,NA,NA,NA,18,NA
6/4/22,CML,R-KK,M,3,7.5,A,3,NA,NA,NA,NA,14,NA
6/6/22,CML,R-KK,M,NA,NA,A,3,NA,NA,NA,NA,11,NA
6/8/22,CML,R-KK,M,NA,NA,A,3,NA,NA,NA,NA,7,pre
6/11/22,CML,R-KK,M,2,4.5,M,1,51,27.5,NA,NA,5,post
5/17/22,CML,R-KKK,M,3,6.5,A,3,NA,NA,NA,NA,0,NA
5/21/22,CML,R-KKK,M,3,7,A,3,NA,NA,NA,NA,21,NA
5/25/22,CML,R-KKK,M,NA,NA,A,3,NA,NA,NA,NA,17,NA
5/27/22,CML,R-KKK,M,3,7,A,3,NA,NA,NA,NA,15,NA
5/30/22,CML,R-KKK,M,4,7,A,3,NA,NA,NA,NA,12,NA
6/1/22,CML,R-KKK,M,NA,NA,A,3,NA,NA,NA,NA,10,NA
6/4/22,CML,R-KKK,M,3,6,A,3,NA,NA,NA,NA,7,NA
6/6/22,CML,R-KKK,M,NA,NA,A,3,NA,NA,NA,NA,5,NA
6/8/22,CML,R-KKK,M,NA,NA,A,3,NA,NA,NA,NA,3,pre
6/11/22,CML,R-KKK,M,2,4,M,1,51,31.4,NA,NA,0,post
6/8/22,CML,R-RGW,M,4,13,A,3,NA,NA,NA,NA,19,NA
6/11/22,CML,R-RGW,M,3,11.5,A,3,NA,NA,NA,NA,16,NA
6/14/22,CML,R-RGW,M,4,10,A,3,NA,NA,NA,NA,13,NA
6/15/22,CML,R-RGW,M,NA,NA,A,3,NA,NA,NA,NA,12,NA
6/17/22,CML,R-RGW,M,3,6,A,3,NA,NA,NA,NA,10,NA
6/20/22,CML,R-RGW,M,NA,NA,A,3,NA,NA,NA,NA,7,NA
6/22/22,CML,R-RGW,M,3,5,A,3,NA,NA,NA,NA,5,NA
6/24/22,CML,R-RGW,M,NA,NA,A,3,NA,NA,NA,NA,3,pre
6/27/22,CML,R-RGW,M,3,5,M,2,51,na,NA,NA,0,post
5/17/22,CML,R-RRK,M,3,6.5,A,3,NA,NA,NA,NA,15,NA
5/21/22,CML,R-RRK,M,3,9.5,A,3,NA,NA,NA,NA,11,NA
5/25/22,CML,R-RRK,M,NA,NA,A,3,NA,NA,NA,NA,7,NA
5/27/22,CML,R-RRK,M,3,7.5,A,3,NA,NA,NA,NA,5,NA
5/30/22,CML,R-RRK,M,3,9,A,2,NA,NA,NA,NA,2,pre
6/1/22,CML,R-RRK,M,1,3,M,1,63,46.47,NA,NA,0,post
5/17/22,CML,R-RW,M,3,4,A,3,NA,NA,NA,NA,25,NA
5/21/22,CML,R-RW,M,3,10.5,A,3,NA,NA,NA,NA,21,NA
5/25/22,CML,R-RW,M,NA,NA,A,3,NA,NA,NA,NA,17,NA
5/27/22,CML,R-RW,M,3,6.5,A,3,NA,NA,NA,NA,15,NA
5/30/22,CML,R-RW,M,3,8.5,A,3,NA,NA,NA,NA,12,NA
6/1/22,CML,R-RW,M,NA,NA,A,3,NA,NA,NA,NA,10,NA
6/4/22,CML,R-RW,M,3,7.5,A,3,NA,NA,NA,NA,7,NA
6/6/22,CML,R-RW,M,NA,NA,A,3,NA,NA,NA,NA,5,NA
6/8/22,CML,R-RW,M,NA,NA,A,3,NA,NA,NA,NA,3,pre
6/11/22,CML,R-RW,M,2,5,M,1,63,56,NA,NA,0,post
6/8/22,CML,R-RWR,M,5,12,A,3,NA,NA,NA,NA,12,NA
6/11/22,CML,R-RWR,M,3,8,A,3,NA,NA,NA,NA,9,NA
6/14/22,CML,R-RWR,M,3,5.5,A,3,NA,NA,NA,NA,6,NA
6/15/22,CML,R-RWR,M,NA,NA,A,3,NA,NA,NA,NA,5,NA
6/17/22,CML,R-RWR,M,3,7,A,2,NA,NA,NA,NA,3,pre
6/20/22,CML,R-RWR,M,2,5,M,1,52,48,NA,NA,0,post
5/17/22,CML,R-RYR,M,3,4,A,3,NA,NA,NA,NA,18,NA
5/21/22,CML,R-RYR,M,4,10,A,3,NA,NA,NA,NA,14,NA
5/25/22,CML,R-RYR,M,NA,NA,A,3,NA,NA,NA,NA,10,NA
5/27/22,CML,R-RYR,M,3,8,A,3,NA,NA,NA,NA,8,NA
5/30/22,CML,R-RYR,M,3,10,A,2,NA,NA,NA,NA,5,NA
6/1/22,CML,R-RYR,M,NA,NA,A,2,NA,NA,NA,NA,3,pre
6/4/22,CML,R-RYR,M,1,2,A,1,50,24.2,NA,NA,0,post
5/17/22,CML,R-RYW,M,3,3.5,A,3,NA,NA,NA,NA,18,NA
5/21/22,CML,R-RYW,M,4,8.5,A,3,NA,NA,NA,NA,14,NA
5/25/22,CML,R-RYW,M,NA,NA,A,3,NA,NA,NA,NA,10,NA
5/27/22,CML,R-RYW,M,3,9,A,3,NA,NA,NA,NA,8,NA
5/30/22,CML,R-RYW,M,3,9,A,3,NA,NA,NA,NA,5,NA
6/1/22,CML,R-RYW,M,NA,NA,A,3,NA,NA,NA,NA,3,pre
6/4/22,CML,R-RYW,M,1,3,A,1,58,37.1,NA,NA,0,post
5/17/22,CML,R-WRW,M,2,6.5,A,3,NA,NA,NA,NA,18,NA
5/21/22,CML,R-WRW,M,4,6.5,A,3,NA,NA,NA,NA,14,NA
5/25/22,CML,R-WRW,M,NA,NA,A,3,NA,NA,NA,NA,10,NA
5/27/22,CML,R-WRW,M,3,6.5,A,2,NA,NA,NA,NA,8,NA
5/30/22,CML,R-WRW,M,3,6,A,3,NA,NA,NA,NA,5,NA
6/1/22,CML,R-WRW,M,NA,NA,A,3,NA,NA,NA,NA,3,pre
6/4/22,CML,R-WRW,M,1,3,A,1,59,48.3,NA,NA,0,post
5/17/22,CML,R-WYK,M,3,10,A,3,NA,NA,NA,NA,25,NA
5/21/22,CML,R-WYK,M,3,9.5,A,3,NA,NA,NA,NA,21,NA
5/25/22,CML,R-WYK,M,NA,NA,A,3,NA,NA,NA,NA,17,NA
5/27/22,CML,R-WYK,M,3,8,A,3,NA,NA,NA,NA,15,NA
5/30/22,CML,R-WYK,M,3,6.5,A,3,NA,NA,NA,NA,12,NA
6/1/22,CML,R-WYK,M,NA,NA,A,3,NA,NA,NA,NA,10,NA
6/4/22,CML,R-WYK,M,3,7,A,3,NA,NA,NA,NA,7,NA
6/6/22,CML,R-WYK,M,NA,NA,A,3,NA,NA,NA,NA,5,NA
6/8/22,CML,R-WYK,M,NA,NA,A,3,NA,NA,NA,NA,3,pre
6/11/22,CML,R-WYK,M,2,4,M,1,52,31.7,NA,NA,0,post
5/17/22,CML,R-WYW —> R-WW,M,3,10.5,A,3,NA,NA,NA,NA,25,NA
5/21/22,CML,R-WYW —> R-WW,M,3,10.5,A,3,NA,NA,NA,NA,21,NA
5/25/22,CML,R-WYW —> R-WW,M,NA,NA,A,3,NA,NA,NA,NA,17,NA
5/27/22,CML,R-WYW —> R-WW,M,3,9,A,3,NA,NA,NA,NA,15,NA
5/30/22,CML,R-WYW —> R-WW,M,3,6,A,3,NA,NA,NA,NA,12,NA
6/1/22,CML,R-WYW —> R-WW,M,NA,NA,A,3,NA,NA,NA,NA,10,NA
6/4/22,CML,R-WYW —> R-WW,M,2,5,A,3,NA,NA,NA,NA,7,NA
6/6/22,CML,R-WYW —> R-WW,M,NA,NA,A,3,NA,NA,NA,NA,5,NA
6/8/22,CML,R-WYW —> R-WW,M,NA,NA,A,3,NA,NA,NA,NA,3,pre
6/11/22,CML,R-WYW —> R-WW,M,2,5,M,1,60,46.6,NA,NA,0,post
8/19/22,CML,U-BB (U-YWY),F,3,11,A,3,NA,NA,NA,NA,18,NA
8/22/22,CML,U-BB (U-YWY),F,3,7.5,A,3,NA,NA,NA,NA,15,NA
8/24/22,CML,U-BB (U-YWY),F,NA,NA,A,3,NA,NA,NA,NA,13,NA
8/26/22,CML,U-BB (U-YWY),F,3,7,A,3,NA,NA,NA,NA,11,NA
8/29/22,CML,U-BB (U-YWY),F,3,4,A,3,NA,NA,NA,NA,8,NA
9/2/22,CML,U-BB (U-YWY),F,3,4,A,3,NA,NA,NA,NA,4,pre
9/6/22,CML,U-BB (U-YWY),F,2,3,M,1,50,22.1,NA,NA,0,post
8/19/22,CML,U-BGB,F,4,13,A,3,NA,NA,NA,NA,14,NA
8/22/22,CML,U-BGB,F,4,9,A,3,NA,NA,NA,NA,11,NA
8/24/22,CML,U-BGB,F,NA,NA,A,3,NA,NA,NA,NA,9,NA
8/26/22,CML,U-BGB,F,4,6.5,A,3,NA,NA,NA,NA,7,NA
8/29/22,CML,U-BGB,F,5,10,A,3,NA,NA,NA,NA,4,pre
9/2/22,CML,U-BGB,F,3,4,M,1,53,30,NA,NA,0,post
5-Aug,CML,U-BWW,F,5,13,A,2,NA,NA,NA,NA,3,pre
8-Aug,CML,U-BWW,F,4,5.5,M,2,NA,NA,NA,NA,0,post
5-Aug,CML,U-GKR,F,5,11.5,A,2,NA,NA,NA,NA,3,pre
8-Aug,CML,U-GKR,F,1,5,M,2,NA,NA,NA,NA,0,post
8/6/21,CML,YBGR,F,NA,8,A,3,NA,NA,NA,NA,13,NA
8/10/21,CML,YBGR,F,NA,11,A,3,NA,NA,NA,NA,9,NA
8/13/21,CML,YBGR,F,NA,11,A,3,NA,NA,NA,NA,6,NA
8/17/21,CML,YBGR,F,NA,8,A,2,NA,NA,NA,NA,2,pre
8/19/21,CML,YBGR,F,NA,4,M,1,NA,NA,NA,NA,0,post
8/6/21,CML,YBGW,F,NA,12,A,3,NA,NA,NA,NA,13,NA
8/10/21,CML,YBGW,F,NA,10,A,3,NA,NA,NA,NA,9,NA
8/13/21,CML,YBGW,F,NA,10,A,3,NA,NA,NA,NA,6,NA
8/17/21,CML,YBGW,F,NA,9,A,3,NA,NA,NA,NA,2,pre
8/19/21,CML,YBGW,F,NA,5,M,1,NA,NA,NA,NA,0,post
7/22/21,WL,YBY,F,NA,12,A,3,NA,NA,NA,NA,15,NA
7/26/21,WL,YBY,F,NA,7,M,2,NA,NA,NA,NA,11,NA
8/2/21,WL,YBY,F,NA,4,A,3,NA,NA,NA,NA,4,pre
8/6/21,WL,YBY,F,NA,NA,D,NA,NA,NA,NA,NA,0,post
7/22/21,WL,YBYB,F,NA,12,A,3,NA,NA,NA,NA,18,NA
7/26/21,WL,YBYB,F,NA,10,A,3,NA,NA,NA,NA,14,NA
7/29/21,WL,YBYB,F,NA,10,A,3,NA,NA,NA,NA,11,NA
8/2/21,WL,YBYB,F,NA,9.5,A,3,NA,NA,NA,NA,7,NA
8/6/21,WL,YBYB,F,NA,9.5,A,3,NA,NA,NA,NA,3,pre
8/9/21,WL,YBYB,F,NA,8.5,A,3,NA,NA,NA,NA,0,post
7/22/21,WL,YYG,F,NA,13.5,A,3,NA,NA,NA,NA,4,pre
7/26/21,WL,YYG,F,NA,6,M,2,NA,NA,NA,NA,0,post
8/6/21,CML,YYGY,F,NA,12,A,3,NA,NA,NA,NA,11,NA
8/10/21,CML,YYGY,F,NA,8,A,3,NA,NA,NA,NA,7,NA
8/13/21,CML,YYGY,F,NA,9,A,3,NA,NA,NA,NA,4,pre
8/17/21,CML,YYGY,F,NA,5,M,1,NA,NA,NA,NA,0,post
8/6/21,CML,YYR,F,NA,7.5,A,3,NA,NA,NA,NA,28,NA
8/10/21,CML,YYR,F,NA,7,A,3,NA,NA,NA,NA,24,NA
8/13/21,CML,YYR,F,NA,6.5,A,3,NA,NA,NA,NA,21,NA
8/17/21,CML,YYR,F,NA,6.5,A,3,NA,NA,NA,NA,17,NA
8/19/21,CML,YYR,F,NA,7,A,3,NA,NA,NA,NA,15,NA
8/24/21,CML,YYR,F,NA,6,A,3,NA,NA,NA,NA,10,NA
8/27/21,CML,YYR,F,NA,6.5,A,3,NA,NA,NA,NA,7,NA
8/31/21,CML,YYR,F,NA,6,A,3,NA,NA,NA,NA,3,pre
9/3/21,CML,YYR,F,NA,4,M,1,NA,NA,NA,NA,0,post
8/6/21,CML,YYY,F,NA,9,A,3,NA,NA,NA,NA,18,NA
8/10/21,CML,YYY,F,NA,9.5,A,3,NA,NA,NA,NA,14,NA
8/13/21,CML,YYY,F,NA,9.5,A,3,NA,NA,NA,NA,11,NA
8/17/21,CML,YYY,F,NA,9,A,3,NA,NA,NA,NA,7,NA
8/19/21,CML,YYY,F,NA,8.5,A,2,NA,NA,NA,NA,5,pre
8/24/21,CML,YYY,F,NA,3,M,3,NA,NA,NA,NA,0,post
8/6/21,CML,YYYK,F,NA,7.5,A,3,NA,NA,NA,NA,21,NA
8/10/21,CML,YYYK,F,NA,10.5,A,3,NA,NA,NA,NA,17,NA
8/13/21,CML,YYYK,F,NA,10,A,3,NA,NA,NA,NA,14,NA
8/17/21,CML,YYYK,F,NA,8.5,A,3,NA,NA,NA,NA,10,NA
8/19/21,CML,YYYK,F,NA,9,A,3,NA,NA,NA,NA,8,NA
8/24/21,CML,YYYK,F,NA,8.5,A,2,NA,NA,NA,NA,3,pre
8/27/21,CML,YYYK,F,NA,4.5,M,1,NA,NA,NA,NA,0,post