date,time,condo_id,crab_id,outcome,sex,hemo_col,hemo_ri,status,shell_hardness,black_light_fluorescence,photo_id,fed,post_molt_cw_mm,post_molt_mass_g,digital_ri,ca,notes_observations,period
6/10/21,10:36,WL,BGBG,Molted,M,NA,NA,A,3,L,NA,N,NA,NA,NA,NA,NA,TRUE
6/18/21,10:38,WL,BGBG,Molted,M,NA,NA,A,3,L,NA,N,NA,NA,NA,NA,NA,TRUE
6/24/21,10:05,WL,BGBG,Molted,M,NA,NA,A,3,L,101-0027,N,NA,NA,NA,NA,NA,TRUE
7/1/21,10:16,WL,BGBG,Molted,M,NA,NA,M,3,L,101-0056,N,NA,NA,NA,NA,Molted,TRUE
6/18/21,10:38,WL,BGBK,Removed,M,NA,NA,A,3,L,NA,N,NA,NA,NA,NA,NA,FALSE
6/24/21,10:05,WL,BGBK,Removed,M,NA,NA,A,3,L,101-0021,N,NA,NA,NA,NA,NA,FALSE
7/1/21,10:16,WL,BGBK,Removed,M,NA,12,A,3,L,101-0050,N,NA,NA,NA,NA,NA,FALSE
7/8/21,9:32,WL,BGBK,Removed,M,NA,7,A,3,L,101-0060,N,NA,NA,NA,NA,NA,FALSE
7/15/21,9:40,WL,BGBK,Removed,M,NA,NA,A,3,X,101-0114,N,NA,NA,NA,NA,NA,FALSE
7/22/21,8:50,WL,BGBK,Removed,M,NA,NA,A,3,X,101-0137,N,NA,NA,NA,NA,Missing legs tips,FALSE
6/7/21,9:13,WL,BGBR,Removed,M,NA,5.5,A,3,L,56,57,Y,NA,NA,NA,NA,Removed from tray (non-premolt) on 6/17/2021 12:35,TRUE
6/14/21,14:33,WL,BGBR,Removed,M,NA,7.5,A,3,L,98,99,Y,NA,NA,NA,NA,Barely fluorescing, Removed from tray (non-premolt) on 6/17/2021 12:35,TRUE
6/18/21,10:38,WL,BGBY,Removed,M,NA,NA,A,3,L,NA,N,NA,NA,NA,NA,NA,FALSE
6/24/21,10:05,WL,BGBY,Removed,M,NA,NA,A,3,L,101-0005,N,NA,NA,NA,NA,NA,FALSE
7/1/21,10:16,WL,BGBY,Removed,M,NA,NA,A,3,L,101-0035,N,NA,NA,NA,NA,NA,FALSE
7/8/21,9:32,WL,BGBY,Removed,M,NA,NA,A,3,L,101-0063,N,NA,NA,NA,NA,Maybe ventral surface fluorescing; 11/10/22- Deleted duplicate entry,FALSE
7/15/21,9:40,WL,BGBY,Removed,M,NA,NA,A,3,X,101-0100,N,NA,NA,NA,NA,NA,FALSE
7/22/21,8:50,WL,BGBY,Removed,M,NA,NA,A,3,X,101-0125,N,NA,NA,NA,NA,NA,FALSE
6/3/21,9:17,WL,BGG,Molted,M,NA,NA,A,2,L,20,21,N,NA,NA,NA,NA,NA,TRUE
6/10/21,9:31,WL,BGG,Molted,M,NA,NA,A,2,L,NA,N,NA,NA,NA,NA,NA,TRUE
6/18/21,10:38,WL,BGG,Molted,M,NA,NA,A,3,L,NA,N,NA,NA,NA,NA,Back & side of carapce cracked,TRUE
NA,NA,NA,NA,NA,NA,NA,NA,NA,NA,NA,NA,NA,NA,NA,NA,NA,NA,NA
NA,NA,NA,NA,NA,NA,NA,NA,NA,NA,NA,NA,NA,NA,NA,NA,NA,NA,NA
NA,NA,NA,NA,NA,NA,NA,NA,NA,NA,NA,NA,NA,NA,NA,NA,NA,NA,NA
NA,NA,NA,NA,NA,NA,NA,NA,NA,NA,NA,NA,NA,NA,NA,NA,NA,NA,NA
NA,NA,NA,NA,NA,NA,NA,NA,NA,NA,NA,NA,NA,NA,NA,NA,NA,NA,NA
NA,NA,NA,NA,NA,NA,NA,NA,NA,NA,NA,NA,NA,NA,NA,NA,NA,NA,NA
NA,NA,NA,NA,NA,NA,NA,NA,NA,NA,NA,NA,NA,NA,NA,NA,NA,NA,NA
NA,NA,NA,NA,NA,NA,NA,NA,NA,NA,NA,NA,NA,NA,NA,NA,NA,NA,NA
NA,NA,NA,NA,NA,NA,NA,NA,NA,NA,NA,NA,NA,NA,NA,NA,NA,NA,NA
NA,NA,NA,NA,NA,NA,NA,NA,NA,NA,NA,NA,NA,NA,NA,NA,NA,NA,NA
6/21/21,9:36,WL,BGGR,Removed,F,NA,6.5,A,3,L,NA,N,NA,NA,NA,NA,Barely fluorescing,TRUE
6/28/21,10:12,WL,BGGR,Removed,F,NA,7,A,3,X,NA,N,NA,NA,NA,NA,NA,TRUE
7/5/21,8:58,WL,BGGR,Removed,F,NA,5.5,A,3,L,NA,N,NA,NA,NA,NA,Barely fluorescing,TRUE
6/3/21,9:17,WL,BGGW,Removed,M,NA,NA,A,3,L,24,25,N,NA,NA,NA,NA,NA,FALSE
6/10/21,9:31,WL,BGGW,Removed,M,NA,NA,A,3,L,NA,N,NA,NA,NA,NA,NA,FALSE
6/18/21,10:38,WL,BGGW,Removed,M,NA,NA,A,3,L,NA,N,NA,NA,NA,NA,NA,FALSE
6/24/21,10:05,WL,BGGW,Removed,M,NA,NA,A,3,L,101-0011,N,NA,NA,NA,NA,Just tips fluorescing,FALSE
7/1/21,10:16,WL,BGGW,Removed,M,NA,8.5,A,3,L,101-0040,N,NA,NA,NA,NA,NA,FALSE
7/8/21,9:32,WL,BGGW,Removed,M,NA,NA,A,3,L,101-0069,N,NA,NA,NA,NA,No shadowing, just tips fluorescing; 11/10/22- Deleted duplicate entry,FALSE
7/15/21,9:40,WL,BGGW,Removed,M,NA,NA,A,3,L,101-0106,N,NA,NA,NA,NA,Thrown Out, barely fluorescing ,FALSE
6/10/21,10:36,WL,BGKG,Molted,M,NA,NA,A,3,L,NA,N,NA,NA,NA,NA,Super fluorescent,FALSE
6/18/21,10:38,WL,BGKG,Molted,M,NA,NA,A,3,L,NA,N,NA,NA,NA,NA,NA,FALSE
6/24/21,10:05,WL,BGKG,Molted,M,NA,NA,A,3,L,101-0014,N,NA,NA,NA,NA,Soft exoskeleton in cell, maybe ate B-GG,FALSE
7/1/21,10:16,WL,BGKG,Molted,M,NA,NA,A,3,L,101-0045,N,NA,NA,NA,NA,Barely fluorescing,FALSE
7/8/21,9:32,WL,BGKG,Molted,M,NA,NA,A,3,L,101-0073,N,NA,NA,NA,NA,NA,FALSE
7/15/21,9:40,WL,BGKG,Molted,M,NA,NA,A,3,L,101-0109,N,NA,NA,NA,NA,Just tips fluorescing,FALSE
6/7/21,9:13,WL,BGKK,Removed,M,NA,7,A,3,L,44,45,Y,NA,NA,NA,NA,Removed from tray (non-premolt) on 6/17/2021 12:35,TRUE
6/14/21,14:33,WL,BGKK,Removed,M,NA,6,A,3,L,92,93,Y,NA,NA,NA,NA,Barely fluorescing,Removed from tray (non-premolt) on 6/17/2021 12:35,TRUE
6/21/21,9:36,WL,BGKR,Removed,M,NA,9,A,3,L,NA,N,NA,NA,NA,NA,NA,FALSE
6/28/21,10:12,WL,BGKR,Removed,M,NA,8,A,3,L,NA,N,NA,NA,NA,NA,Barely Fluorescing,FALSE
7/5/21,8:58,WL,BGKR,Removed,M,NA,7.5,A,3,L,NA,N,NA,NA,NA,NA,Lathargic,FALSE
7/12/21,14:55,WL,BGKR,Removed,M,NA,7,A,3,L,NA,N,NA,NA,NA,NA,Lathargic,FALSE
7/19/21,10:26,WL,BGKR,Removed,M,NA,6.5,A,3,L,NA,N,NA,NA,NA,NA,NA,FALSE
6/3/21,9:17,WL,BGKY,Molted,M,NA,NA,A,3,L,16,17,N,NA,NA,NA,NA,NA,TRUE
6/10/21,9:31,WL,BGKY,Molted,M,NA,NA,A,3,L,NA,N,NA,NA,NA,NA,NA,TRUE
6/7/21,9:13,WL,BGR,Removed,M,NA,3.5,A,3,L,60,61,Y,NA,NA,NA,NA,Removed from tray (non-premolt) on 6/17/2021 12:35,TRUE
6/14/21,14:33,WL,BGR,Removed,M,NA,3,A,3,L,86,84,Y,NA,NA,NA,NA,Removed from tray (non-premolt) on 6/17/2021 12:35,TRUE
6/14/21,14:33,WL,BGRG,Removed,M,NA,4.5,A,3,L,96,97,Y,NA,NA,NA,NA,Very bubbly blood sample, Removed from tray (non-premolt) on 6/17/2021 12:35,TRUE
6/14/21,14:33,WL,BGRK,Removed,M,NA,3,A,3,L,133,136,Y,NA,NA,NA,NA,Removed from tray (non-premolt) on 6/17/2021 12:35,TRUE
6/14/21,14:33,WL,BGRR,Removed,M,NA,3.5,A,3,L,115,116,Y,NA,NA,NA,NA,Removed from tray (non-premolt) on 6/17/2021 12:35,TRUE
6/21/21,9:36,WL,BGW,Removed,M,NA,9,A,3,L,NA,N,NA,NA,NA,NA,NA,FALSE
6/28/21,10:12,WL,BGW,Removed,M,NA,6,A,3,L,NA,N,NA,NA,NA,NA,NA,FALSE
7/5/21,8:58,WL,BGW,Removed,M,NA,7.5,A,3,L,NA,N,NA,NA,NA,NA,NA,FALSE
7/12/21,14:55,WL,BGW,Removed,M,NA,7,A,3,L,NA,N,NA,NA,NA,NA,NA,FALSE
7/19/21,10:26,WL,BGW,Removed,M,NA,6.5,A,3,L,NA,N,NA,NA,NA,NA,NA,FALSE
6/10/21,10:36,WL,BGWG,Removed,M,NA,NA,A,3,X,NA,N,NA,NA,NA,NA,Super fiesty, Removed from tray (non-premolt) on 6/17/2021 12:35,TRUE
6/10/21,9:31,WL,BGWK,Removed,M,NA,NA,A,2,L,NA,N,NA,NA,NA,NA,Dimly fluorescing, Removed from tray (non-premolt) on 6/17/2021 12:35,TRUE
6/10/21,9:31,WL,BGWW,Removed,M,NA,NA,A,2,L,NA,N,NA,NA,NA,NA,Dimly fluorescing, Removed from tray (non-premolt) on 6/17/2021 12:35,TRUE
6/10/21,9:31,WL,BGWY,Removed,M,NA,NA,A,2,L,NA,N,NA,NA,NA,NA,Removed from tray (non-premolt) on 6/17/2021 12:35,TRUE
6/18/21,10:38,WL,BGYG,Removed,M,NA,NA,A,3,L,NA,N,NA,NA,NA,NA,NA,FALSE
6/24/21,10:05,WL,BGYG,Removed,M,NA,NA,A,3,L,101-0019,N,NA,NA,NA,NA,Barely fluorescing ,FALSE
7/1/21,10:16,WL,BGYG,Removed,M,NA,NA,A,3,L,101-0051,N,NA,NA,NA,NA,Tips only,FALSE
7/8/21,9:32,WL,BGYG,Removed,M,NA,NA,A,3,L,101-0077,N,NA,NA,NA,NA,Just tips fluorescing,FALSE
7/15/21,9:40,WL,BGYG,Removed,M,NA,NA,A,3,L,101-0115,N,NA,NA,NA,NA,Just tips fluorescing,FALSE
7/22/21,8:50,WL,BGYG,Removed,M,NA,NA,A,3,X,101-0144,N,NA,NA,NA,NA,NA,FALSE
6/14/21,14:33,WL,BGYK,Removed,M,NA,4,A,3,L,131,132,Y,NA,NA,NA,NA,Removed from tray (non-premolt) on 6/17/2021 12:35,TRUE
6/7/21,9:13,WL,BGYR,Removed,M,NA,7.5,A,3,L,36,37,Y,NA,NA,NA,NA,NA,FALSE
6/14/21,14:33,WL,BGYR,Removed,M,NA,6,A,3,L,94,95,Y,NA,NA,NA,NA,NA,FALSE
6/21/21,9:36,WL,BGYR,Removed,M,NA,8.5,A,3,L,NA,N,NA,NA,NA,NA,NA,FALSE
6/28/21,10:12,WL,BGYR,Removed,M,NA,8,A,3,L,NA,N,NA,NA,NA,NA,Not super aggressive,FALSE
7/5/21,8:58,WL,BGYR,Removed,M,NA,7,A,3,L,NA,N,NA,NA,NA,NA,Just the tips of legs fluorescing,FALSE
7/12/21,14:55,WL,BGYR,Removed,M,NA,7,A,3,L,NA,N,NA,NA,NA,NA,Lathargic,FALSE
6/10/21,10:36,WL,BGYW,Removed,M,NA,NA,A,3,L,NA,N,NA,NA,NA,NA,Removed from tray (non-premolt) on 6/17/2021 12:35,TRUE
6/3/21,9:17,WL,BGYY,Removed,M,NA,NA,A,3,L,18,19,N,NA,NA,NA,NA,Removed from tray (non-premolt) on 6/17/2021 12:35,TRUE
6/10/21,9:31,WL,BGYY,Removed,M,NA,NA,A,3,L,NA,N,NA,NA,NA,NA,Removed from tray (non-premolt) on 6/17/2021 12:35,TRUE
6/16/22,10:30,WL,GBB,Molted,M,3,9,A,3,NA,NA,N,NA,NA,9,353,,TRUE
6/23/22,9:07,WL,GBB,Molted,M,3,5.5,A,3,NA,NA,N,NA,NA,NA,NA,,TRUE
7/5/22,9:22,WL,GBB,Molted,M,3,8,A,3,NA,NA,N,NA,NA,7.8,316,Browke claw off. Retagged to K-WB,TRUE
7/11/22,9:37,WL,GBB,Molted,M,3,5,A,3,NA,NA,N,NA,NA,NA,277,,TRUE
5/19/22,10:30,WL,GBGB,Molted,M,4,8.5,A,3,NA,NA,N,NA,NA,NA,NA,,TRUE
5/26/22,9:22,WL,GBGB,Molted,M,3,6.5,A,3,NA,NA,N,NA,NA,NA,NA,,TRUE
5/19/22,9:21,WL,GBGG,Molted,M,3,12,A,3,NA,NA,N,NA,NA,NA,NA,,FALSE
5/26/22,9:22,WL,GBGG,Molted,M,3,9,A,3,NA,NA,N,NA,NA,NA,NA,,FALSE
6/2/22,9:22,WL,GBGG,Molted,M,1,3.5,A,3,NA,NA,N,NA,NA,NA,NA,,FALSE
6/8/22,14:17,WL,GBGG,Molted,M,3,9,A,3,NA,NA,N,NA,NA,NA,NA,,FALSE
6/16/22,10:30,WL,GBGK,Removed,M,4,10,A,3,NA,NA,N,NA,NA,11.4,417,,FALSE
6/28/22,9:19,WL,GBGK,Removed,M,3,8,A,3,NA,NA,N,NA,NA,NA,NA,,FALSE
7/5/22,9:22,WL,GBGK,Removed,M,3,8,A,3,NA,NA,N,NA,NA,8.3,312,,FALSE
5/19/22,9:21,WL,GBGR,Removed,M,1,6,A,3,NA,NA,N,NA,NA,NA,NA,,FALSE
5/26/22,9:22,WL,GBGR,Removed,M,3,9,A,3,NA,NA,N,NA,NA,NA,NA,,FALSE
6/2/22,9:22,WL,GBGR,Removed,M,4,7,A,3,NA,NA,N,NA,NA,NA,NA,,FALSE
6/8/22,14:17,WL,GBGR,Removed,M,3,7.5,A,3,NA,NA,N,NA,NA,NA,NA,,FALSE
5/23/22,9:45,WL,GBGY,Molted,M,1,5,M,1,NA,NA,N,60,52.3,NA,NA,,TRUE
5/23/22,9:45,WL,GBKR,Molted,M,3,10.5,A,3,NA,NA,N,NA,NA,NA,NA,,TRUE
5/31/22,9:18,WL,GBKR,Molted,M,3,8,A,3,NA,NA,N,NA,NA,NA,NA,Missing 2 legs; still hard to find blood,TRUE
6/6/22,9:36,WL,GBKR,Molted,M,NA,NA,D,NA,NA,NA,N,NA,NA,NA,NA,In the process of molting; but not emerged,TRUE
6/16/22,10:30,WL,GBRK,Removed,M,1,5,A,3,NA,NA,N,NA,NA,5.3,346,,FALSE
6/23/22,8:26,WL,GBRK,Removed,M,1,5,A,3,NA,NA,N,NA,NA,NA,NA,,FALSE
6/30/22,9:22,WL,GBRK,Removed,M,3,5.5,A,3,NA,NA,N,NA,NA,NA,342,,FALSE
7/7/22,9:27,WL,GBRK,Removed,M,2,5,A,3,NA,NA,N,NA,NA,5.6,325,,FALSE
5/19/22,9:21,WL,GBWB,Removed,M,3,11,A,3,NA,NA,N,NA,NA,NA,NA,,FALSE
5/26/22,9:22,WL,GBWB,Removed,M,3,8.5,A,3,NA,NA,N,NA,NA,NA,NA,,FALSE
6/2/22,9:22,WL,GBWB,Removed,M,3,8,A,3,NA,NA,N,NA,NA,NA,NA,,FALSE
6/8/22,14:17,WL,GBWB,Removed,M,3,8,A,3,NA,NA,N,NA,NA,NA,NA,Claw fell off,FALSE
5/23/22,9:45,WL,GBWK,Molted,M,3,8.5,A,3,NA,NA,N,NA,NA,NA,NA,,TRUE
5/31/22,9:18,WL,GBWK,Molted,M,3,5,A,3,NA,NA,N,NA,NA,NA,NA,,TRUE
6/6/22,9:36,WL,GBWK,Molted,M,3,4,M,1,NA,NA,N,68,72.3,NA,NA,,TRUE
6/13/22,12:31,WL,GBWR,Removed,M,3,10,A,3,NA,NA,N,NA,NA,NA,NA,,FALSE
6/21/22,9:40,WL,GBWR,Removed,M,2,10.5,A,3,NA,NA,N,NA,NA,NA,200,,FALSE
6/28/22,9:19,WL,GBWR,Removed,M,2,3,A,3,NA,NA,N,NA,NA,NA,NA,,FALSE
7/7/22,9:27,WL,GBWR,Removed,M,3,6,A,3,NA,NA,N,NA,NA,6.1,284,,FALSE
5/23/22,9:45,WL,GBWY,Removed,M,3,11,A,3,NA,NA,N,NA,NA,NA,NA,,FALSE
6/2/22,10:00,WL,GBWY,Removed,M,3,5,A,3,NA,NA,N,NA,NA,NA,NA,,FALSE
6/8/22,14:17,WL,GBWY,Removed,M,2,7,A,3,NA,NA,N,NA,NA,NA,NA,Tag arm/claw fell off, tag added; originally GBWY,FALSE
5/19/22,9:21,WL,GBY,Removed,M,2,9.5,A,3,NA,NA,N,NA,NA,NA,NA,,FALSE
5/26/22,9:22,WL,GBY,Removed,M,2,2.5,A,3,NA,NA,N,NA,NA,NA,NA,,FALSE
6/2/22,9:22,WL,GBY,Removed,M,2,5.5,A,3,NA,NA,N,NA,NA,NA,NA,,FALSE
6/6/22,9:36,WL,GBY,Removed,M,2,7,A,3,NA,NA,N,NA,NA,NA,NA,,FALSE
6/13/22,10:52,WL,GBY,Removed,M,3,6.5,A,3,NA,NA,N,NA,NA,NA,NA,,FALSE
5/19/22,9:21,WL,GBYB,Molted,M,4,11,A,3,NA,NA,N,NA,NA,NA,NA,,TRUE
5/26/22,9:22,WL,GBYB,Molted,M,4,7,A,3,NA,NA,N,NA,NA,NA,NA,,TRUE
5/23/22,9:45,WL,GBYG,Removed,M,2,11,A,3,NA,NA,N,NA,NA,NA,NA,,FALSE
5/31/22,9:18,WL,GBWY,Removed,M,3,8,A,3,NA,NA,N,NA,NA,NA,NA,originally entered as GBYG,FALSE
6/2/22,9:22,WL,GBYG,Removed,M,2,8.5,A,3,NA,NA,N,NA,NA,NA,NA,,FALSE
6/8/22,14:17,WL,GBYG,Removed,M,3,9,A,3,NA,NA,N,NA,NA,NA,NA,,FALSE
5/19/22,10:30,WL,GBYY,Removed,M,3,11,A,3,NA,NA,N,NA,NA,NA,NA,,FALSE
5/26/22,9:22,WL,GBYY,Removed,M,1,7.5,A,3,NA,NA,N,NA,NA,NA,NA,,FALSE
6/2/22,10:00,WL,GBYY,Removed,M,2,4.5,A,3,NA,NA,N,NA,NA,NA,NA,,FALSE
6/8/22,14:17,WL,GBYY,Removed,M,3,8,A,3,NA,NA,N,NA,NA,NA,NA,,FALSE
5/23/22,9:45,WL,GGBG,Removed,M,3,8,A,3,NA,NA,N,NA,NA,NA,NA,,FALSE
5/31/22,9:18,WL,GGBG,Removed,M,3,7,A,3,NA,NA,N,NA,NA,NA,NA,,FALSE
6/6/22,9:36,WL,GGBG,Removed,M,3,5.5,A,3,NA,NA,N,NA,NA,NA,NA,,FALSE
6/13/22,10:52,WL,GGBG,Removed,M,5,8,A,3,NA,NA,N,NA,NA,NA,NA,,FALSE
5/23/22,9:45,WL,GGBR,Molted,M,3,9.5,A,3,NA,NA,N,NA,NA,NA,NA,Potential molting?,FALSE
5/31/22,9:18,WL,GGBR,Molted,M,3,5.5,A,3,NA,NA,N,NA,NA,NA,NA,,FALSE
6/8/22,14:17,WL,GGBR,Molted,M,3,9,A,3,NA,NA,N,NA,NA,NA,NA,,FALSE
5/23/22,9:45,WL,GGBW,Removed,M,1,4,A,3,NA,NA,N,NA,NA,NA,NA,,FALSE
5/31/22,9:18,WL,GGBW,Removed,M,2,6,A,3,NA,NA,N,NA,NA,NA,NA,,FALSE
6/6/22,9:36,WL,GGBW,Removed,M,3,6.5,A,3,NA,NA,N,NA,NA,NA,NA,Digital refractometer matches anaolog,FALSE
6/13/22,10:52,WL,GGBW,Removed,M,3,6,A,3,NA,NA,N,NA,NA,NA,NA,,FALSE
5/19/22,10:30,WL,GGBY,Molted,M,3,11.5,A,3,NA,NA,N,NA,NA,NA,NA,,TRUE
5/26/22,9:22,WL,GGBY,Molted,M,3,7.5,A,3,NA,NA,N,NA,NA,NA,NA,,TRUE
6/16/22,10:30,WL,GGG,Removed,M,3,7,A,3,NA,NA,N,NA,NA,7.2,310,,FALSE
6/23/22,8:26,WL,GGG,Removed,M,3,5.5,A,3,NA,NA,N,NA,NA,NA,NA,,FALSE
6/30/22,9:22,WL,GGG,Removed,M,3,6.5,A,3,NA,NA,N,NA,NA,5.5,295,,FALSE
7/7/22,9:27,WL,GGG,Removed,M,3,6,A,3,NA,NA,N,NA,NA,6.1,313,,FALSE
5/31/22,9:18,WL,GGGW,Molted,M,3,10.5,A,3,NA,NA,N,NA,NA,NA,NA,,TRUE
6/6/22,9:36,WL,GGGW,Molted,M,3,9,A,3,NA,NA,N,NA,NA,NA,NA,,TRUE
6/13/22,10:52,WL,GGGW,Molted,M,3,7,P,3,NA,NA,N,NA,NA,NA,NA,Butt is sticking out a little as it molts,TRUE
5/26/22,9:22,WL,GGGY,Molted,M,3,7,A,3,NA,NA,N,NA,NA,NA,NA,,TRUE
6/2/22,9:22,WL,GGGY,Molted,M,3,4.5,M,2,NA,NA,N,60,51.9,NA,NA,Gill is sticking out of armpit (photo),TRUE
5/23/22,9:45,WL,GGKG,Molted,M,1,6,A,3,NA,NA,N,NA,NA,NA,NA,,TRUE
5/31/22,9:18,WL,GGKG,Molted,M,3,4,A,3,NA,NA,N,NA,NA,NA,NA,Sides soft, crack line appearing,TRUE
5/19/22,10:30,WL,GGKR,Molted,M,3,9.5,A,3,NA,NA,N,NA,NA,NA,NA,,FALSE
5/26/22,9:22,WL,GGKR,Molted,M,1,6,A,3,NA,NA,N,NA,NA,NA,NA,,FALSE
6/2/22,9:22,WL,GGKR,Molted,M,3,4.5,A,3,NA,NA,N,NA,NA,NA,NA,,FALSE
6/8/22,14:17,WL,GGKR,Molted,M,3,4.5,A,3,NA,NA,N,NA,NA,NA,NA,,FALSE
5/23/22,9:45,WL,GGRK,Removed,M,2,5,A,3,NA,NA,N,NA,NA,NA,NA,,FALSE
5/31/22,9:18,WL,GGRK,Removed,M,3,6.5,A,3,NA,NA,N,NA,NA,NA,NA,,FALSE
6/6/22,9:36,WL,GGRK,Removed,M,1,5.5,A,3,NA,NA,N,NA,NA,NA,NA,,FALSE
6/13/22,10:52,WL,GGRK,Removed,M,3,7,A,3,NA,NA,N,NA,NA,NA,NA,,FALSE
6/16/22,10:30,WL,GGW,Molted,M,3,11,A,3,NA,NA,N,NA,NA,11.9,403,,FALSE
6/13/22,12:31,WL,GGWK,Removed,M,3,9,A,3,NA,NA,N,NA,NA,NA,NA,,FALSE
6/21/22,9:40,WL,GGWK,Removed,M,3,8.5,A,3,NA,NA,N,NA,NA,NA,NA,,FALSE
6/28/22,9:19,WL,GGWK,Removed,M,2,4.5,A,3,NA,NA,N,NA,NA,NA,308,,FALSE
7/5/22,9:22,WL,GGWK,Removed,M,3,7,A,3,NA,NA,N,NA,NA,8,323,,FALSE
7/11/22,9:37,WL,GGWK,Removed,M,3,7,A,3,NA,NA,N,NA,NA,7.7,355,,FALSE
5/23/22,9:45,WL,GGYG,Removed,M,1,9,A,3,NA,NA,N,NA,NA,NA,NA,,FALSE
5/31/22,9:18,WL,GGYG,Removed,M,1,6.5,A,3,NA,NA,N,NA,NA,NA,NA,,FALSE
6/6/22,9:36,WL,GGYG,Removed,M,1,6.5,A,3,NA,NA,N,NA,NA,NA,NA,,FALSE
6/13/22,10:52,WL,GGYG,Removed,M,3,7,A,3,NA,NA,N,NA,NA,NA,NA,,FALSE
5/23/22,9:45,WL,GGYR,Removed,M,2,8.5,A,3,NA,NA,N,NA,NA,NA,NA,,FALSE
5/31/22,9:18,WL,GGYR,Removed,M,1,4.5,A,3,NA,NA,N,NA,NA,NA,NA,,FALSE
6/6/22,9:36,WL,GGYR,Removed,M,3,5,A,3,NA,NA,N,NA,NA,NA,NA,,FALSE
6/13/22,10:52,WL,GGYR,Removed,M,3,6.5,A,3,NA,NA,N,NA,NA,NA,NA,,FALSE
6/2/22,10:00,WL,GGYW,Removed,M,3,5,A,3,NA,NA,N,NA,NA,NA,NA,,TRUE
6/8/22,14:17,WL,GGYW,Removed,M,3,8,A,3,NA,NA,N,NA,NA,NA,NA,,TRUE
6/16/22,11:05,WL,GGYW,Removed,M,5,7,A,3,NA,NA,N,NA,NA,NA,NA,,TRUE
7/14/22,9:27,WL,GGWK,Removed,M,2,6.5,A,3,NA,NA,N,NA,NA,7.3,340,orginally entered as GWWK,FALSE
5/19/22,10:30,WL,GGGY,Molted,M,3,8.5,A,3,NA,NA,N,NA,NA,NA,NA,originally entered as GYGG,FALSE
5/19/22,9:21,WL,GYGK,Removed,M,3,10,A,3,NA,NA,N,NA,NA,NA,NA,,FALSE
5/26/22,9:22,WL,GYGK,Removed,M,2,4.5,A,3,NA,NA,N,NA,NA,NA,NA,,FALSE
6/2/22,9:22,WL,GYGK,Removed,M,1,3,A,3,NA,NA,N,NA,NA,NA,NA,,FALSE
6/8/22,14:17,WL,GYGK,Removed,M,3,4.5,A,3,NA,NA,N,NA,NA,NA,NA,,FALSE
5/19/22,10:30,WL,GYGW,Removed,M,3,11.5,A,3,NA,NA,N,NA,NA,NA,NA,,FALSE
5/26/22,9:22,WL,GYGW,Removed,M,1,8.5,A,3,NA,NA,N,NA,NA,NA,NA,,FALSE
6/2/22,10:00,WL,GYGW,Removed,M,2,5.5,A,3,NA,NA,N,NA,NA,NA,NA,No band; retagged GYGW,FALSE
6/8/22,14:17,WL,GYGW,Removed,M,3,9,A,3,NA,NA,N,NA,NA,NA,NA,,FALSE
8/3/22,8:27,WL,KB,Removed,F,2,6,A,3,NA,NA,N,NA,NA,NA,NA,,TRUE
8/12/22,9:05,WL,KB,Removed,F,2,5.5,A,3,NA,NA,N,NA,NA,NA,NA,,TRUE
8/18/22,9:50,WL,KB,Removed,F,2,5.5,A,3,NA,NA,N,NA,NA,NA,NA,,TRUE
8/3/22,8:27,WL,KBBK,Removed,F,1,4,A,3,NA,NA,N,NA,NA,NA,NA,,TRUE
8/12/22,9:05,WL,KBBK,Removed,F,3,7.5,A,3,NA,NA,N,NA,NA,NA,NA,,TRUE
8/18/22,9:50,WL,KBBK,Removed,F,3,7,A,3,NA,NA,N,NA,NA,NA,NA,,TRUE
7/21/22,9:40,WL,KBBR,Removed,F,4,7,A,3,NA,NA,N,NA,NA,6.7,347,,TRUE
7/29/22,9:50,WL,KBBR,Removed,F,1,4,A,3,NA,NA,N,NA,NA,NA,NA,,TRUE
6/23/22,9:07,WL,KBBW,Removed,M,3,6,A,3,NA,NA,N,NA,NA,NA,NA,,TRUE
6/30/22,9:22,WL,KBBW,Removed,M,3,6,A,3,NA,NA,N,NA,NA,6,347,,TRUE
7/7/22,9:27,WL,KBBW,Removed,M,4,5,A,3,NA,NA,N,NA,NA,5.9,340,,TRUE
7/14/22,9:27,WL,KBBW,Removed,M,1,5,A,3,NA,NA,N,NA,NA,5.6,355,,TRUE
7/21/22,9:40,WL,KBBY,Removed,F,3,8.5,A,3,NA,NA,N,NA,NA,9.2,367,,TRUE
7/29/22,9:50,WL,KBBY,Removed,F,3,6,A,3,NA,NA,N,NA,NA,NA,NA,,TRUE
8/3/22,8:27,WL,KBBY,Removed,F,4,6.5,A,3,NA,NA,N,NA,NA,NA,NA,,TRUE
8/3/22,8:27,WL,KBG,Removed,F,1,5.5,A,3,NA,NA,N,NA,NA,NA,NA,,TRUE
8/12/22,9:05,WL,KBG,Removed,F,2,7,A,3,NA,NA,N,NA,NA,NA,NA,,TRUE
8/18/22,9:50,WL,KBG,Removed,F,2,6.5,A,3,NA,NA,N,NA,NA,NA,NA,,TRUE
7/21/22,9:40,WL,KBKB,Removed,F,3,7,A,3,NA,NA,N,NA,NA,6.9,336,,TRUE
7/29/22,9:50,WL,KBKB,Removed,F,1,4.5,A,3,NA,NA,N,NA,NA,NA,NA,,TRUE
8/3/22,8:27,WL,KBKB,Removed,F,3,4.5,A,3,NA,NA,N,NA,NA,NA,NA,,TRUE
8/3/22,8:27,WL,KBKY,Removed,F,3,6,A,3,NA,NA,N,NA,NA,NA,NA,,TRUE
8/12/22,9:05,WL,KBKY,Removed,F,3,5,A,3,NA,NA,N,NA,NA,NA,NA,,TRUE
8/18/22,9:50,WL,KBKY,Removed,F,2,4,A,3,NA,NA,N,NA,NA,NA,NA,,TRUE
8/3/22,8:27,WL,KBRR,Removed,F,2,6.5,A,3,NA,NA,N,NA,NA,NA,NA,,TRUE
8/12/22,9:05,WL,KBRR,Removed,F,3,5.5,A,3,NA,NA,N,NA,NA,NA,NA,,TRUE
8/18/22,9:50,WL,KBRR,Removed,F,2,4,A,3,NA,NA,N,NA,NA,NA,NA,,TRUE
7/21/22,9:40,WL,KBWK,Removed,F,NA,NA,A,3,NA,NA,N,NA,NA,NA,NA,Had eggs; released,TRUE
8/22/22,10:23,WL,KBWR,Removed,F,1,5,A,3,NA,NA,N,NA,NA,NA,NA,,FALSE
9/6/22,11:00,WL,KBWR,Removed,F,1,4,A,3,NA,NA,N,NA,NA,NA,NA,,FALSE
9/12/22,9:33,WL,KBWR,Removed,F,1,4,A,3,NA,NA,N,NA,NA,NA,NA,,FALSE
9/19/22,9:21,WL,KBWR,Removed,F,1,3,A,3,NA,NA,N,NA,NA,NA,NA,,FALSE
8/22/22,10:23,WL,KGBG,Removed,F,1,6,A,3,NA,NA,N,NA,NA,NA,NA,,FALSE
8/29/22,8:25,WL,KGBG,Removed,F,1,5,A,3,NA,NA,N,NA,NA,NA,NA,,FALSE
9/6/22,11:00,WL,KGBG,Removed,F,1,2.5,A,3,NA,NA,N,NA,NA,NA,NA,,FALSE
9/12/22,9:33,WL,KGBG,Removed,F,3,3,A,3,NA,NA,N,NA,NA,NA,NA,,FALSE
9/19/22,9:21,WL,KGBG,Removed,F,3,4,A,3,NA,NA,N,NA,NA,NA,NA,,FALSE
8/22/22,10:23,WL,KGK,Removed,F,1,6.5,A,3,NA,NA,N,NA,NA,NA,NA,,FALSE
8/29/22,8:25,WL,KGK,Removed,F,1,7,A,3,NA,NA,N,NA,NA,NA,NA,,FALSE
9/9/22,9:30,WL,KGK,Removed,F,1,3,A,3,NA,NA,N,NA,NA,NA,NA,,FALSE
9/15/22,9:55,WL,KGK,Removed,F,1,4,A,3,NA,NA,N,NA,NA,NA,NA,,FALSE
9/22/22,10:40,WL,KGK,Removed,F,2,5.5,A,3,NA,NA,N,NA,NA,NA,NA,,FALSE
8/3/22,8:27,WL,KGRK,Removed,F,1,4,A,3,NA,NA,N,NA,NA,NA,NA,,TRUE
8/12/22,9:05,WL,KGRK,Removed,F,1,6,A,3,NA,NA,N,NA,NA,NA,NA,,TRUE
8/18/22,9:50,WL,KGRK,Removed,F,2,5,A,3,NA,NA,N,NA,NA,NA,NA,,TRUE
8/22/22,10:23,WL,KGWR,Removed,F,3,13,A,3,NA,NA,N,NA,NA,NA,NA,,FALSE
8/29/22,8:25,WL,KGWR,Removed,F,2,9.5,A,3,NA,NA,N,NA,NA,NA,NA,,FALSE
9/6/22,11:00,WL,KGWR,Removed,F,2,8,A,3,NA,NA,N,NA,NA,NA,NA,,FALSE
9/12/22,9:33,WL,KGWR,Removed,F,1,7.5,A,3,NA,NA,N,NA,NA,NA,NA,,FALSE
9/19/22,9:21,WL,KGWR,Removed,F,3,7,A,3,NA,NA,N,NA,NA,NA,NA,,FALSE
8/22/22,10:23,WL,KGWY,Removed,F,1,8.5,A,3,NA,NA,N,NA,NA,NA,NA,,FALSE
8/29/22,8:25,WL,KGWY,Removed,F,1,7.5,A,3,NA,NA,N,NA,NA,NA,NA,,FALSE
9/6/22,11:00,WL,KGWY,Removed,F,2,5.5,A,3,NA,NA,N,NA,NA,NA,NA,,FALSE
9/12/22,9:33,WL,KGWY,Removed,F,2,6,A,3,NA,NA,N,NA,NA,NA,NA,,FALSE
9/19/22,9:21,WL,KGWY,Removed,F,1,6.5,A,3,NA,NA,N,NA,NA,NA,NA,,FALSE
8/1/22,10:00,WL,KK,Removed,F,1,7.5,A,3,NA,NA,N,NA,NA,NA,NA,,TRUE
8/9/22,10:56,WL,KK,Removed,F,2,6,A,3,NA,NA,N,NA,NA,NA,NA,,TRUE
8/15/22,9:40,WL,KK,Removed,F,1,6.5,A,3,NA,NA,N,NA,NA,NA,NA,,TRUE
6/16/22,11:05,WL,KKBK,Removed,M,2,6,A,3,NA,NA,N,NA,NA,7.2,448,,FALSE
6/23/22,8:26,WL,KKBK,Removed,M,3,3.5,A,3,NA,NA,N,NA,NA,NA,NA,,FALSE
6/30/22,9:22,WL,KKBK,Removed,M,2,4.5,A,3,NA,NA,N,NA,NA,4.3,371,,FALSE
7/7/22,9:27,WL,KKBK,Removed,M,1,5,A,3,NA,NA,N,NA,NA,3.8,323,,FALSE
8/1/22,10:00,WL,KKK,Removed,F,2,6,A,3,NA,NA,N,NA,NA,NA,NA,,TRUE
8/9/22,10:56,WL,KKK,Removed,F,3,5,A,3,NA,NA,N,NA,NA,NA,NA,,TRUE
8/18/22,9:50,WL,KKK,Removed,F,2,4.5,A,3,NA,NA,N,NA,NA,NA,NA,,TRUE
7/21/22,9:40,WL,KKKK,Removed,F,3,6,A,3,NA,NA,N,NA,NA,6.2,247,,TRUE
7/29/22,9:50,WL,KKKK,Removed,F,4,5,A,3,NA,NA,N,NA,NA,NA,NA,,TRUE
8/3/22,8:27,WL,KKKK,Removed,F,4,6,A,3,NA,NA,N,NA,NA,NA,NA,,TRUE
8/15/22,9:40,WL,KKK,Removed,F,3,3.5,A,3,NA,NA,N,NA,NA,NA,NA,Originally entered as KKKK,TRUE
8/1/22,10:00,WL,KKWK,Removed,F,1,6.5,A,3,NA,NA,N,NA,NA,NA,NA,,TRUE
8/9/22,10:56,WL,KKWK,Removed,F,1,5.5,A,3,NA,NA,N,NA,NA,NA,NA,,TRUE
8/15/22,9:40,WL,KKWK,Removed,F,1,5,A,3,NA,NA,N,NA,NA,NA,NA,,TRUE
8/1/22,10:00,WL,KKYK,Removed,F,4,9,A,3,NA,NA,N,NA,NA,NA,NA,,TRUE
8/12/22,9:05,WL,KKYK,Removed,F,3,5.5,A,3,NA,NA,N,NA,NA,NA,NA,,TRUE
8/18/22,9:50,WL,KKYK,Removed,F,3,5.5,A,3,NA,NA,N,NA,NA,NA,NA,,TRUE
8/1/22,10:00,WL,KRBK,Removed,F,2,9.5,A,3,NA,NA,N,NA,NA,NA,NA,,TRUE
8/9/22,10:56,WL,KRBK,Removed,F,1,6,A,3,NA,NA,N,NA,NA,NA,NA,,TRUE
8/18/22,9:50,WL,KRBK,Removed,F,2,7,A,3,NA,NA,N,NA,NA,NA,NA,,TRUE
7/21/22,9:40,WL,KRBW,Removed,F,1,7,A,3,NA,NA,N,NA,NA,7.2,347,,FALSE
8/3/22,8:27,WL,KRBW,Removed,F,1,5,A,3,NA,NA,N,NA,NA,NA,NA,Row added 11/10/22,FALSE
7/21/22,9:40,WL,KRGR,Molted,F,4,9.5,A,3,NA,NA,N,NA,NA,10.5,396,,TRUE
7/29/22,9:50,WL,KRGR,Molted,F,3,7.5,A,3,NA,NA,N,NA,NA,NA,NA,,TRUE
7/21/22,9:40,WL,KRGW,Removed,F,3,7,A,3,NA,NA,N,NA,NA,7.5,327,,TRUE
7/29/22,9:50,WL,KRGW,Removed,F,2,5.5,A,3,NA,NA,N,NA,NA,NA,NA,,TRUE
8/3/22,8:27,WL,KRGW,Removed,F,3,5,A,3,NA,NA,N,NA,NA,NA,NA,,TRUE
8/12/22,9:05,WL,KRBW,Removed,F,2,5,A,3,NA,NA,N,NA,NA,NA,NA,Originally entered as KRGW,FALSE
8/18/22,9:50,WL,KRBW,Removed,F,2,5,A,3,NA,NA,N,NA,NA,NA,NA,Originally entered as KRGW,FALSE
8/3/22,8:27,WL,KRK,Removed,F,1,5.5,A,3,NA,NA,N,NA,NA,NA,NA,,TRUE
8/12/22,9:05,WL,KRK,Removed,F,1,4.5,A,3,NA,NA,N,NA,NA,NA,NA,,TRUE
8/18/22,9:50,WL,KRK,Removed,F,1,4.5,A,3,NA,NA,N,NA,NA,NA,NA,,TRUE
8/1/22,10:00,WL,KRRR,Removed,F,2,8,A,3,NA,NA,N,NA,NA,NA,NA,,TRUE
8/12/22,9:05,WL,KRRR,Removed,F,3,7,A,3,NA,NA,N,NA,NA,NA,NA,,TRUE
8/18/22,9:50,WL,KRRR,Removed,F,1,5,A,3,NA,NA,N,NA,NA,NA,NA,,TRUE
8/1/22,10:00,WL,KRBW,Removed,F,2,5,A,3,NA,NA,N,NA,NA,NA,NA,Originally entered as KRW,FALSE
8/3/22,8:27,WL,KRW,Removed,F,2,7,A,3,NA,NA,N,NA,NA,NA,NA,,TRUE
8/9/22,10:56,WL,KRW,Removed,F,2,4.5,A,3,NA,NA,N,NA,NA,NA,NA,,FALSE
8/15/22,9:40,WL,KRW,Removed,F,4,8.5,A,3,NA,NA,N,NA,NA,NA,NA,,FALSE
6/16/22,10:30,WL,KRYR,Removed,M,3,6,A,3,NA,NA,N,NA,NA,6,389,,FALSE
6/23/22,8:26,WL,KRYR,Removed,M,3,4,A,3,NA,NA,N,NA,NA,NA,NA,,FALSE
6/30/22,9:22,WL,KRYR,Removed,M,1,4.5,A,3,NA,NA,N,NA,NA,NA,264,,FALSE
7/7/22,9:27,WL,KRYR,Removed,M,2,5,A,3,NA,NA,N,NA,NA,4.8,307,Molt tag partially attached 7/5/22,FALSE
8/1/22,10:00,WL,KRYW,Removed,F,2,6.5,A,3,NA,NA,N,NA,NA,NA,NA,,TRUE
8/9/22,10:56,WL,KRYW,Removed,F,3,7,A,3,NA,NA,N,NA,NA,NA,NA,,TRUE
8/15/22,9:40,WL,KRYW,Removed,F,3,6,A,3,NA,NA,N,NA,NA,NA,NA,,TRUE
9/1/22,10:40,WL,KBWR,Removed,F,1,5,A,3,NA,NA,N,NA,NA,NA,NA,orignally entered as KVWR,FALSE
8/3/22,8:27,WL,KWBK,Removed,F,1,5,A,3,NA,NA,N,NA,NA,NA,NA,,TRUE
8/12/22,9:05,WL,KWBK,Removed,F,1,5,A,3,NA,NA,N,NA,NA,NA,NA,,TRUE
8/18/22,9:50,WL,KWBK,Removed,F,2,6,A,3,NA,NA,N,NA,NA,NA,NA,,TRUE
7/21/22,9:40,WL,KWGK,Removed,F,3,8,A,3,NA,NA,N,NA,NA,5.8,313,,TRUE
7/29/22,9:50,WL,KWGK,Removed,F,2,5.5,A,3,NA,NA,N,NA,NA,NA,NA,,TRUE
8/1/22,10:00,WL,KWKK,Removed,F,4,8,A,3,NA,NA,N,NA,NA,NA,NA,,FALSE
8/18/22,9:50,WL,KWKK,Removed,F,5,11,A,3,NA,NA,N,NA,NA,NA,NA,,FALSE
8/3/22,8:27,WL,KWKW,Removed,F,1,7,A,3,NA,NA,N,NA,NA,NA,NA,,TRUE
8/12/22,9:05,WL,KWKW,Removed,F,2,7.5,A,3,NA,NA,N,NA,NA,NA,NA,,TRUE
8/18/22,9:50,WL,KWKW,Removed,F,1,5.5,A,3,NA,NA,N,NA,NA,NA,NA,,TRUE
8/3/22,8:27,WL,KWRK,Removed,F,1,8,A,3,NA,NA,N,NA,NA,NA,NA,,TRUE
8/12/22,9:05,WL,KWRK,Removed,F,2,8.5,A,3,NA,NA,N,NA,NA,NA,NA,,TRUE
8/18/22,9:50,WL,KWRK,Removed,F,2,7,A,3,NA,NA,N,NA,NA,NA,NA,,TRUE
8/3/22,8:27,WL,KWRW,Removed,F,1,7.5,A,3,NA,NA,N,NA,NA,NA,NA,Lethargic; very silty,TRUE
8/12/22,9:05,WL,KWRW,Removed,F,1,6,A,3,NA,NA,N,NA,NA,NA,NA,,TRUE
8/18/22,9:50,WL,KWRW,Removed,F,2,6,A,3,NA,NA,N,NA,NA,NA,NA,,TRUE
7/21/22,9:40,WL,KWWW,Removed,F,4,7.5,A,3,NA,NA,N,NA,NA,7.3,377,,TRUE
7/29/22,9:50,WL,KWWW,Removed,F,1,4,A,3,NA,NA,N,NA,NA,NA,NA,,TRUE
8/3/22,8:27,WL,KWWW,Removed,F,NA,NA,A,3,NA,NA,N,NA,NA,NA,NA,Has eggs; removed,TRUE
7/21/22,9:40,WL,KWYW,Removed,F,2,5.5,A,3,NA,NA,N,NA,NA,5.6,347,,TRUE
7/29/22,9:50,WL,KWYW,Removed,F,1,3.5,A,3,NA,NA,N,NA,NA,NA,NA,,TRUE
8/3/22,8:27,WL,KWYW,Removed,F,1,3.5,A,3,NA,NA,N,NA,NA,NA,NA,,TRUE
8/3/22,8:27,WL,KYBW,Removed,F,1,5,A,3,NA,NA,N,NA,NA,NA,NA,,TRUE
8/12/22,9:05,WL,KWKK,Removed,F,5,9,A,3,NA,NA,N,NA,NA,NA,NA,originally entered as KYKK,FALSE
8/3/22,8:27,WL,KYKR,Removed,F,1,4,A,3,NA,NA,N,NA,NA,NA,NA,,TRUE
8/12/22,9:05,WL,KYKR,Removed,F,2,6,A,3,NA,NA,N,NA,NA,NA,NA,,TRUE
8/18/22,9:50,WL,KYKR,Removed,F,1,3,A,3,NA,NA,N,NA,NA,NA,NA,,TRUE
8/3/22,8:27,WL,KYWR,Removed,F,1,5.5,A,3,NA,NA,N,NA,NA,NA,NA,Squishy--not upper carapace, but apron. Potential for eggs?,TRUE
8/12/22,9:05,WL,KYWR,Removed,F,3,4,A,3,NA,NA,N,NA,NA,NA,NA,,TRUE
8/18/22,9:50,WL,KYWR,Removed,F,3,4.5,A,3,NA,NA,N,NA,NA,NA,NA,,TRUE
6/23/22,8:26,WL,KYWW,Removed,M,4,7,A,3,NA,NA,N,NA,NA,NA,NA,,FALSE
6/30/22,9:22,WL,KYWW,Removed,M,3,8,A,3,NA,NA,N,NA,NA,7.4,327,,FALSE
7/7/22,9:27,WL,KYWW,Removed,M,3,7,A,3,NA,NA,N,NA,NA,7.3,319,,FALSE
6/23/22,9:07,WL,KYYY,Removed,M,4,6.5,A,3,NA,NA,N,NA,NA,NA,NA,orignally entered as KYY,FALSE
6/30/22,9:22,WL,KYYY,Removed,M,3,6.5,A,3,NA,NA,N,NA,NA,7.4,309,orignally entered as KYY,FALSE
7/7/22,9:27,WL,KYYY,Removed,M,3,6,A,3,NA,NA,N,NA,NA,6.4,358,originally entered as KYY; pinched Emma. Very mean.,FALSE
7/21/22,9:40,WL,KYYW,Removed,F,3,8,A,3,NA,NA,N,NA,NA,7.5,346,,TRUE
7/29/22,9:50,WL,KYYW,Removed,F,1,5,A,3,NA,NA,N,NA,NA,NA,NA,,TRUE
8/3/22,8:27,WL,KYYW,Removed,F,3,6.5,A,3,NA,NA,N,NA,NA,NA,NA,,TRUE
6/16/22,11:05,WL,KYYY,Removed,M,3,6,A,3,NA,NA,N,NA,NA,NA,NA,,FALSE
6/10/21,11:30,WL,OBB,Molted,M,NA,NA,A,3,L,NA,N,NA,NA,NA,NA,Barely fluoresced on tips,TRUE
6/18/21,10:38,WL,OBB,Molted,M,NA,NA,A,3,L,NA,N,NA,NA,NA,NA,Shading,TRUE
6/24/21,10:05,WL,OBB,Molted,M,NA,NA,A,3,L,101-0024,N,NA,NA,NA,NA,Crunchy on sides, strong shadowing, lathargic,TRUE
6/14/21,14:33,WL,OBBG,Removed,M,NA,3,A,3,L,127,128,Y,NA,NA,NA,NA,Removed from tray (non-premolt) on 6/17/2021 12:35,TRUE
6/14/21,14:33,WL,OBBW,Removed,M,NA,4.5,A,3,L,117,118,Y,NA,NA,NA,NA,Removed from tray (non-premolt) on 6/17/2021 12:35,TRUE
6/14/21,14:33,WL,OBG,Molted,M,NA,8,A,3,X,123,124,Y,NA,NA,NA,NA,NA,TRUE
6/21/21,9:36,WL,OBG,Molted,M,NA,NA,P,3,NA,NA,N,NA,NA,NA,NA,Molting,TRUE
6/14/21,14:33,WL,OBK,Removed,M,NA,4,A,3,L,104,105,Y,NA,NA,NA,NA,Removed from tray (non-premolt) on 6/17/2021 12:35,TRUE
6/14/21,14:33,WL,OBKB,Removed,M,NA,5.5,A,3,L,82,83,Y,NA,NA,NA,NA,Removed from tray (non-premolt) on 6/17/2021 12:35,TRUE
6/14/21,14:33,WL,OBKG,Removed,M,NA,4.5,A,3,L,119,120,Y,NA,NA,NA,NA,Removed from tray (non-premolt) on 6/17/2021 12:35,TRUE
6/7/21,9:13,WL,OBRR,Removed,M,NA,11.5,A,3,L,42,43,Y,NA,NA,NA,NA,Removed from tray (non-premolt) on 6/17/2021 12:35,TRUE
6/14/21,14:33,WL,OBRR,Removed,M,NA,7,A,3,L,72,73,Y,NA,NA,NA,NA,Removed from tray (non-premolt) on 6/17/2021 12:35,TRUE
6/18/21,10:38,WL,OBRW,Molted,M,NA,NA,A,3,L,NA,N,NA,NA,NA,NA,NA,FALSE
6/24/21,10:05,WL,OBRW,Molted,M,NA,NA,A,3,L,101-0023,N,NA,NA,NA,NA,NA,FALSE
7/1/21,10:16,WL,OBRW,Molted,M,NA,10.5,A,3,L,101-0049,N,NA,NA,NA,NA,Tips only,FALSE
7/8/21,9:32,WL,OBRW,Molted,M,NA,6,A,3,L,101-0059,N,NA,NA,NA,NA,Obvious fluorescence,FALSE
6/7/21,9:13,WL,OBWB,Removed,M,NA,5,A,3,L,48,49,Y,NA,NA,NA,NA,Very little fluorescence on the legs, Removed from tray (non-premolt) on 6/17/2021 12:35,TRUE
6/14/21,14:33,WL,OBWB,Removed,M,NA,1.5,A,3,L,76,77,Y,NA,NA,NA,NA,Removed from tray (non-premolt) on 6/17/2021 12:35,TRUE
6/3/21,9:17,WL,OBWK,Removed,M,NA,NA,A,3,L,10,11,N,NA,NA,NA,NA,Removed from tray (non-premolt) on 6/17/2021 12:35,TRUE
6/10/21,9:31,WL,OBWK,Removed,M,NA,NA,A,3,L,NA,N,NA,NA,NA,NA,Removed from tray (non-premolt) on 6/17/2021 12:35,TRUE
6/14/21,14:33,WL,OBWY,Removed,M,NA,10.5,A,3,L,64,65,Y,NA,NA,NA,NA,Removed from tray (non-premolt) on 6/17/2021 12:35,TRUE
6/3/21,9:17,WL,OBYG,Removed,M,NA,NA,A,3,L,34,35,N,NA,NA,NA,NA,Removed from tray (non-premolt) on 6/17/2021 12:35,TRUE
6/10/21,9:31,WL,OBYG,Removed,M,NA,NA,A,3,X,NA,N,NA,NA,NA,NA,Removed from tray (non-premolt) on 6/17/2021 12:35,TRUE
6/18/21,10:38,WL,OBYK,Removed,M,NA,NA,A,3,L,NA,N,NA,NA,NA,NA,NA,FALSE
6/24/21,10:05,WL,OBYK,Removed,M,NA,NA,A,3,L,101-0008,N,NA,NA,NA,NA,Not a lot of shadowing,FALSE
7/1/21,10:16,WL,OBYK,Removed,M,NA,NA,A,3,L,101-0043,N,NA,NA,NA,NA,NA,FALSE
7/8/21,9:32,WL,OBYK,Removed,M,NA,NA,A,3,L,101-0071,N,NA,NA,NA,NA,NA,FALSE
7/15/21,9:40,WL,OBYK,Removed,M,NA,NA,A,3,L,101-0108,N,NA,NA,NA,NA,NA,FALSE
7/22/21,8:50,WL,OBYK,Removed,M,NA,NA,A,3,X,101-0132,N,NA,NA,NA,NA,NA,FALSE
6/10/21,10:36,WL,OBYR,Molted,M,NA,NA,A,3,L,NA,N,NA,NA,NA,NA,NA,TRUE
6/18/21,10:38,WL,OBYR,Molted,M,NA,NA,A,3,L,NA,N,NA,NA,NA,NA,NA,TRUE
6/24/21,10:05,WL,OBYR,Molted,M,NA,NA,A,3,L,101-0017,N,NA,NA,NA,NA,Crunchy shell (molt soon?) Shadows defined, barely fluorescing, calm/lathargic ,TRUE
7/26/21,11:21,WL,PB,Removed,F,NA,6.5,A,3,NA,NA,N,NA,NA,NA,NA,Yellow blood,FALSE
8/2/21,10:45,WL,PB,Removed,F,NA,7,A,3,NA,NA,N,NA,NA,NA,NA,NA,FALSE
8/9/21,9:31,WL,PB,Removed,F,NA,6.5,A,3,NA,NA,N,NA,NA,NA,NA,NA,FALSE
8/16/21,15:30,WL,PB,Removed,F,NA,6.5,A,3,NA,NA,N,NA,NA,NA,NA,,FALSE
8/23/21,9:40,WL,PB,Removed,F,NA,6.5,A,3,NA,NA,N,NA,NA,NA,NA,,FALSE
8/30/21,9:23,WL,PB,Removed,F,NA,6,A,3,NA,NA,N,NA,NA,NA,NA,,FALSE
7/19/21,10:26,WL,PBBG,Molted,F,NA,NA,A,3,L,NA,N,NA,NA,NA,NA,Could not get blood sample,TRUE
7/26/21,11:21,WL,PBBK,Removed,F,NA,9.5,A,3,NA,NA,N,NA,NA,NA,NA,NA,FALSE
8/2/21,10:45,WL,PBBK,Removed,F,NA,9,A,3,NA,NA,N,NA,NA,NA,NA,NA,FALSE
8/9/21,9:31,WL,PBBK,Removed,F,NA,9,A,3,NA,NA,N,NA,NA,NA,NA,NA,FALSE
8/16/21,15:30,WL,PBBK,Removed,F,NA,8,A,3,NA,NA,N,NA,NA,NA,NA,,FALSE
8/23/21,9:40,WL,PBBK,Removed,F,NA,7.5,A,3,NA,NA,N,NA,NA,NA,NA,,FALSE
8/30/21,9:23,WL,PBBK,Removed,F,NA,8,A,3,NA,NA,N,NA,NA,NA,NA,in same cell as P-BRG2,FALSE
NA,NA,NA,NA,NA,NA,NA,NA,NA,NA,NA,NA,NA,NA,NA,NA,NA,NA,NA
NA,NA,NA,NA,NA,NA,NA,NA,NA,NA,NA,NA,NA,NA,NA,NA,NA,NA,NA
7/12/21,14:55,WL,PBBY,Removed,F,NA,7.5,A,3,L,NA,N,NA,NA,NA,NA,NA,FALSE
7/19/21,10:26,WL,PBBY,Removed,F,NA,7,A,3,L,NA,N,NA,NA,NA,NA,NA,FALSE
7/29/21,9:25,WL,PBBY,Removed,F,NA,6.5,A,3,NA,101-0190,N,NA,NA,NA,NA,NA,FALSE
8/6/21,9:18,WL,PBBY,Removed,F,NA,5.5,A,3,NA,101-0219,N,NA,NA,NA,NA,NA,FALSE
8/12/21,9:32,WL,PBBY,Removed,F,NA,5,A,3,NA,101-0011,N,NA,NA,NA,NA,NA,FALSE
8/19/21,8:12,WL,PBBY,Removed,F,NA,4.5,A,3,NA,101-0065,N,NA,NA,NA,NA,,FALSE
7/15/21,9:40,WL,PBGG,Removed,F,NA,10.5,A,3,L,101-0118,N,NA,NA,NA,NA,NA,FALSE
7/22/21,8:50,WL,PBGG,Removed,F,NA,8,A,3,L,101-0146,N,NA,NA,NA,NA,Barely fluorescing, just tips ,FALSE
7/29/21,9:25,WL,PBGG,Removed,F,NA,8,A,3,NA,101-0204,N,NA,NA,NA,NA,NA,FALSE
8/6/21,9:18,WL,PBGG,Removed,F,NA,12,A,3,NA,10:08,N,NA,NA,NA,NA,NA,FALSE
8/12/21,9:32,WL,PBGG,Removed,F,NA,12,A,3,NA,101-0024,N,NA,NA,NA,NA,NA,FALSE
8/19/21,8:12,WL,PBGG,Removed,F,NA,11,A,3,NA,101-0074,N,NA,NA,NA,NA,bright orange blood,FALSE
8/26/21,9:35,WL,PBGG,Removed,F,NA,10.5,A,3,NA,101-0093,N,NA,NA,NA,NA,6-week mark but not released b/c orange blood and high RI,FALSE
9/2/21,10:15,WL,PBGG,Removed,F,NA,8.5,A,3,NA,101-0015,N,NA,NA,NA,NA,,FALSE
6/28/21,10:12,WL,PBGW,Removed,M,NA,7,A,3,L,NA,N,NA,NA,NA,NA,NA,FALSE
7/5/21,8:58,WL,PBGW,Removed,M,NA,6.5,A,3,L,NA,N,NA,NA,NA,NA,NA,FALSE
7/12/21,14:55,WL,PBGW,Removed,M,NA,6,A,3,L,NA,N,NA,NA,NA,NA,NA,FALSE
7/19/21,10:26,WL,PBGW,Removed,M,NA,5.5,A,3,L,NA,N,NA,NA,NA,NA,NA,FALSE
7/15/21,9:40,WL,PBGY,Removed,F,NA,13,A,3,L,101-0122,N,NA,NA,NA,NA,NA,FALSE
7/22/21,8:50,WL,PBGY,Removed,F,NA,9,A,3,L,101-0142,N,NA,NA,NA,NA,Barely fluorescing ,FALSE
8/2/21,10:45,WL,PBGY,Removed,F,NA,8,A,3,NA,NA,N,NA,NA,NA,NA,NA,FALSE
8/9/21,9:31,WL,PBGY,Removed,F,NA,11,A,3,NA,NA,N,NA,NA,NA,NA,NA,FALSE
8/16/21,15:30,WL,PBGY,Removed,F,NA,12.5,A,3,NA,NA,N,NA,NA,NA,NA,orange blood,FALSE
8/23/21,9:40,WL,PBGY,Removed,F,NA,10,A,3,NA,NA,N,NA,NA,NA,NA,bright orange blood,FALSE
8/30/21,9:23,WL,PBGY,Removed,F,NA,9,A,3,NA,NA,N,NA,NA,NA,NA,orange blood,FALSE
7/19/21,10:26,WL,PBRB,Removed,F,NA,8,A,3,L,NA,N,NA,NA,NA,NA,Just tips fluorescing,FALSE
7/26/21,11:21,WL,PBRB,Removed,F,NA,7.5,A,3,NA,NA,N,NA,NA,NA,NA,NA,FALSE
8/2/21,10:45,WL,PBRB,Removed,F,NA,7.5,A,3,NA,NA,N,NA,NA,NA,NA,NA,FALSE
8/9/21,9:31,WL,PBRB,Removed,F,NA,6.5,A,3,NA,NA,N,NA,NA,NA,NA,NA,FALSE
8/16/21,15:30,WL,PBRB,Removed,F,NA,6,A,3,NA,NA,N,NA,NA,NA,NA,,FALSE
8/23/21,9:40,WL,PBRB,Removed,F,NA,5.5,A,3,NA,NA,N,NA,NA,NA,NA,,FALSE
8/30/21,9:23,WL,PBRB,Removed,F,NA,5.5,A,3,NA,NA,N,NA,NA,NA,NA,,FALSE
7/22/21,8:50,WL,PBRG,Molted,F,NA,6,M,1,L,101-0139,N,NA,NA,NA,NA,Barely fluorescing ,TRUE
6/21/21,9:36,WL,PBRK,Removed,M,NA,8.5,A,3,X,NA,N,NA,NA,NA,NA,NA,FALSE
6/28/21,10:12,WL,PBRK,Removed,M,NA,10,A,3,X,NA,N,NA,NA,NA,NA,NA,FALSE
7/5/21,8:58,WL,PBRK,Removed,M,NA,9,A,3,L,NA,N,NA,NA,NA,NA,Just the tips of legs fluorescing,FALSE
7/12/21,14:55,WL,PBRK,Removed,M,NA,8,A,3,L,NA,N,NA,NA,NA,NA,NA,FALSE
7/19/21,10:26,WL,PBRK,Removed,M,NA,6,A,3,L,NA,N,NA,NA,NA,NA,Just tips fluorescing,FALSE
7/19/21,10:26,WL,PBW,Molted,F,NA,9.5,A,3,L,NA,N,NA,NA,NA,NA,Barely tips fluorescing,TRUE
7/22/21,8:50,WL,PBWB,Removed,F,NA,8,A,3,L,101-0136,N,NA,NA,NA,NA,NA,FALSE
7/29/21,9:25,WL,PBWB,Removed,F,NA,8,A,3,NA,101-0194,N,NA,NA,NA,NA,NA,FALSE
8/6/21,9:18,WL,PBWB,Removed,F,NA,7,A,3,NA,9:50,N,NA,NA,NA,NA,Camera died, all on Iphone,FALSE
8/12/21,9:32,WL,PBWB,Removed,F,NA,7.5,A,3,NA,101-0015,N,NA,NA,NA,NA,NA,FALSE
8/19/21,8:12,WL,PBWB,Removed,F,NA,8,A,3,NA,101-0067,N,NA,NA,NA,NA,,FALSE
8/26/21,9:35,WL,PBWB,Removed,F,NA,8,A,3,NA,101-0085,N,NA,NA,NA,NA,,FALSE
9/2/21,10:15,WL,PBWB,Removed,F,NA,6.5,A,3,NA,101-0008,N,NA,NA,NA,NA,,FALSE
6/18/21,10:38,WL,PBWR,Removed,M,NA,NA,A,3,L,NA,N,NA,NA,NA,NA,NA,FALSE
6/24/21,10:05,WL,PBWR,Removed,M,NA,NA,A,3,L,101-0010,N,NA,NA,NA,NA,NA,FALSE
7/1/21,10:16,WL,PBWR,Removed,M,NA,NA,A,3,L,101-0039,N,NA,NA,NA,NA,Obvious fluorescence,FALSE
7/8/21,9:32,WL,PBWR,Removed,M,NA,NA,A,3,L,101-0068,N,NA,NA,NA,NA,NA,FALSE
7/15/21,9:40,WL,PBWR,Removed,M,NA,NA,A,3,L,101-0105,N,NA,NA,NA,NA,Just tips fluorescing,FALSE
7/22/21,8:50,WL,PBWR,Removed,M,NA,NA,A,3,L,101-0130,N,NA,NA,NA,NA,Barely fluorescing,FALSE
7/19/21,10:26,WL,PBWW,Removed,F,NA,8,A,3,L,NA,N,NA,NA,NA,NA,Obvious fluorescence,FALSE
7/26/21,11:21,WL,PBWW,Removed,F,NA,8,A,3,NA,NA,N,NA,NA,NA,NA,NA,FALSE
8/2/21,10:45,WL,PBWW,Removed,F,NA,8,A,3,NA,NA,N,NA,NA,NA,NA,NA,FALSE
8/9/21,9:31,WL,PBWW,Removed,F,NA,7.5,A,3,NA,NA,N,NA,NA,NA,NA,NA,FALSE
8/16/21,15:30,WL,PBWW,Removed,F,NA,7,A,3,NA,NA,N,NA,NA,NA,NA,,FALSE
8/23/21,9:40,WL,PBWW,Removed,F,NA,6.5,A,3,NA,NA,N,NA,NA,NA,NA,,FALSE
7/26/21,11:21,WL,PBYK,Removed,F,NA,9,A,3,NA,NA,N,NA,NA,NA,NA,Light orange blood,FALSE
8/2/21,10:45,WL,PBYK,Removed,F,NA,8.5,A,3,NA,NA,N,NA,NA,NA,NA,NA,FALSE
8/9/21,9:31,WL,PBYK,Removed,F,NA,8,A,3,NA,NA,N,NA,NA,NA,NA,NA,FALSE
8/16/21,15:30,WL,PBYK,Removed,F,NA,8,A,3,NA,NA,N,NA,NA,NA,NA,,FALSE
8/23/21,9:40,WL,PBYK,Removed,F,NA,7.5,A,3,NA,NA,N,NA,NA,NA,NA,,FALSE
8/30/21,9:23,WL,PBYK,Removed,F,NA,7,A,3,NA,NA,N,NA,NA,NA,NA,,FALSE
7/19/21,10:26,WL,PBYW,Molted,F,NA,9,A,3,L,NA,N,NA,NA,NA,NA,NA,TRUE
7/26/21,11:21,WL,PBYW,Molted,F,NA,8,A,3,NA,NA,N,NA,NA,NA,NA,NA,TRUE
8/2/21,10:45,WL,PBYW,Molted,F,NA,5,M,1,NA,NA,N,NA,NA,NA,NA,NA,TRUE
6/28/21,10:55,WL,PBYY,Molted,M,NA,7,M,2,L,V,NA,N,NA,NA,NA,NA,NA,TRUE
7/15/21,9:40,WL,PGG,Removed,F,NA,8,A,3,L,101-0120,N,NA,NA,NA,NA,NA,FALSE
7/26/21,11:21,WL,PGG,Removed,F,NA,7,A,3,NA,NA,N,NA,NA,NA,NA,NA,FALSE
8/2/21,10:45,WL,PGG,Removed,F,NA,6,A,3,NA,NA,N,NA,NA,NA,NA,NA,FALSE
8/9/21,9:31,WL,PGG,Removed,F,NA,5.5,A,3,NA,NA,N,NA,NA,NA,NA,NA,FALSE
8/16/21,15:30,WL,PGG,Removed,F,NA,5.5,A,3,NA,NA,N,NA,NA,NA,NA,,FALSE
8/23/21,9:40,WL,PGG,Removed,F,NA,5,A,3,NA,NA,N,NA,NA,NA,NA,,FALSE
6/18/21,10:38,WL,PGR,Removed,M,NA,NA,A,3,L,NA,N,NA,NA,NA,NA,NA,FALSE
6/24/21,10:05,WL,PGR,Removed,M,NA,NA,A,3,L,101-0006,N,NA,NA,NA,NA,Very milky & lots of shadows,FALSE
7/1/21,10:16,WL,PGR,Removed,M,NA,NA,A,3,L,101-0036,N,NA,NA,NA,NA,Apron cracked,FALSE
7/8/21,9:32,WL,PGR,Removed,M,NA,NA,A,3,L,101-0064,N,NA,NA,NA,NA,NA,FALSE
7/15/21,9:40,WL,PGR,Removed,M,NA,NA,A,3,L,101-0103,N,NA,NA,NA,NA,NA,FALSE
7/22/21,8:50,WL,PGR,Removed,M,NA,NA,A,3,L,101-0127,N,NA,NA,NA,NA,Barely fluorescing ,FALSE
8/26/22,11:30,WL,UBBG,Removed,F,3,8,A,3,NA,NA,N,NA,NA,NA,NA,,FALSE
9/1/22,10:40,WL,UBBG,Removed,F,3,8,A,3,NA,NA,N,NA,NA,NA,NA,,FALSE
9/9/22,10:15,WL,UBBG,Removed,F,2,6,A,3,NA,NA,N,NA,NA,NA,NA,,FALSE
9/15/22,9:55,WL,UBBG,Removed,F,4,6.5,A,3,NA,NA,N,NA,NA,NA,NA,,FALSE
9/22/22,10:40,WL,UBBG,Removed,F,3,5.5,A,3,NA,NA,N,NA,NA,NA,NA,,FALSE
8/26/22,11:30,WL,UBGK,Removed,F,3,7,A,3,NA,NA,N,NA,NA,NA,NA,,FALSE
9/1/22,10:40,WL,UBGK,Removed,F,2,6,A,3,NA,NA,N,NA,NA,NA,NA,,FALSE
9/9/22,10:15,WL,UBGK,Removed,F,2,5,A,3,NA,NA,N,NA,NA,NA,NA,,FALSE
9/15/22,9:55,WL,UBGK,Removed,F,2,5,A,3,NA,NA,N,NA,NA,NA,NA,,FALSE
9/22/22,10:40,WL,UBGK,Removed,F,2,5,A,3,NA,NA,N,NA,NA,NA,NA,,FALSE
8/26/22,10:00,WL,UBGY,Removed,F,2,7,A,3,NA,NA,N,NA,NA,NA,NA,,FALSE
9/6/22,11:00,WL,UBGY,Removed,F,2,4.5,A,3,NA,NA,N,NA,NA,NA,NA,,FALSE
9/12/22,9:33,WL,UBGY,Removed,F,1,6,A,3,NA,NA,N,NA,NA,NA,NA,,FALSE
9/19/22,9:21,WL,UBGY,Removed,F,2,6,A,3,NA,NA,N,NA,NA,NA,NA,,FALSE
8/22/22,10:23,WL,UBKK,Removed,F,2,9,A,3,NA,NA,N,NA,NA,NA,NA,,FALSE
8/29/22,8:25,WL,UBKK,Removed,F,1,5.5,A,3,NA,NA,N,NA,NA,NA,NA,,FALSE
9/6/22,11:40,WL,UBKK,Removed,F,2,4,A,3,NA,NA,N,NA,NA,NA,NA,,FALSE
9/12/22,9:33,WL,UBKK,Removed,F,5,6.5,A,3,NA,NA,N,NA,NA,NA,NA,,FALSE
9/19/22,9:21,WL,UBKK,Removed,F,1,3,A,3,NA,NA,N,NA,NA,NA,NA,,FALSE
8/22/22,10:23,WL,UBRB,Removed,F,1,9,A,3,NA,NA,N,NA,NA,NA,NA,,FALSE
8/29/22,8:25,WL,UBRB,Removed,F,1,7,A,3,NA,NA,N,NA,NA,NA,NA,,FALSE
9/9/22,9:30,WL,UBRB,Removed,F,2,4,A,3,NA,NA,N,NA,NA,NA,NA,,FALSE
9/15/22,9:55,WL,UBRB,Removed,F,3,4,A,3,NA,NA,N,NA,NA,NA,NA,,FALSE
9/22/22,10:40,WL,UBRB,Removed,F,2,3,A,3,NA,NA,N,NA,NA,NA,NA,,FALSE
9/15/22,9:55,WL,UGWW,Removed,F,2,6.5,A,3,NA,NA,N,NA,NA,NA,NA,originally entered as UBWW,FALSE
8/3/22,8:27,WL,UBYB,Removed,F,1,8,A,3,NA,NA,N,NA,NA,NA,NA,,TRUE
8/12/22,9:05,WL,UBYB,Removed,F,3,8,A,3,NA,NA,N,NA,NA,NA,NA,,TRUE
8/18/22,9:50,WL,UBYB,Removed,F,2,5.5,A,3,NA,NA,N,NA,NA,NA,NA,,TRUE
8/22/22,10:23,WL,UBYW,Removed,F,3,8,A,3,NA,NA,N,NA,NA,NA,NA,,FALSE
8/29/22,8:25,WL,UBYW,Removed,F,3,7,A,3,NA,NA,N,NA,NA,NA,NA,,FALSE
9/6/22,11:00,WL,UBYW,Removed,F,3,4,A,3,NA,NA,N,NA,NA,NA,NA,,FALSE
9/12/22,9:33,WL,UBYW,Removed,F,3,6,A,3,NA,NA,N,NA,NA,NA,NA,,FALSE
9/19/22,9:21,WL,UBYW,Removed,F,2,5.5,A,3,NA,NA,N,NA,NA,NA,NA,,FALSE
8/26/22,11:30,WL,UGWW,Removed,F,2,7.5,A,3,NA,NA,N,NA,NA,NA,NA,,FALSE
9/1/22,10:40,WL,UGWW,Removed,F,2,8,A,3,NA,NA,N,NA,NA,NA,NA,,FALSE
9/9/22,10:15,WL,UGWW,Removed,F,3,4,A,3,NA,NA,N,NA,NA,NA,NA,,FALSE
9/19/22,9:21,WL,UGWW,Removed,F,2,4,A,3,NA,NA,N,NA,NA,NA,NA,,FALSE
8/26/22,10:00,WL,UGYK,Molted,F,3,4,A,3,NA,NA,N,NA,NA,NA,NA,,TRUE
9/1/22,10:40,WL,UGYK,Molted,F,3,8,A,3,NA,NA,N,NA,NA,NA,NA,,TRUE
8/26/22,11:30,WL,UGYR,Molted,F,NA,NA,M,NA,NA,NA,N,NA,NA,NA,NA,Molted but body is missing; shell hardness originally entered as 1 to 2,TRUE
8/26/22,11:30,WL,UGYY,Removed,F,2,5,A,3,NA,NA,N,NA,NA,NA,NA,,FALSE
9/1/22,10:40,WL,UGYY,Removed,F,2,6.5,A,3,NA,NA,N,NA,NA,NA,NA,,FALSE
9/9/22,10:15,WL,UGYY,Removed,F,1,4,A,3,NA,NA,N,NA,NA,NA,NA,,FALSE
9/15/22,9:55,WL,UGYY,Removed,F,2,5,A,3,NA,NA,N,NA,NA,NA,NA,,FALSE
9/22/22,10:40,WL,UGYY,Removed,F,1,3,A,3,NA,NA,N,NA,NA,NA,NA,,FALSE
8/26/22,10:00,WL,UYBK,Removed,F,1,4.5,A,3,NA,NA,N,NA,NA,NA,NA,,FALSE
9/1/22,10:40,WL,UYBK,Removed,F,1,6.5,A,3,NA,NA,N,NA,NA,NA,NA,,FALSE
9/9/22,9:30,WL,UYBK,Removed,F,3,5,A,3,NA,NA,N,NA,NA,NA,NA,,FALSE
9/15/22,9:55,WL,UYBK,Removed,F,2,4.5,A,3,NA,NA,N,NA,NA,NA,NA,,FALSE
9/22/22,10:40,WL,UYBK,Removed,F,2,4.5,A,3,NA,NA,N,NA,NA,NA,NA,,FALSE
8/26/22,10:00,WL,UYGR,Removed,F,4,11,A,3,NA,NA,N,NA,NA,NA,NA,,FALSE
9/1/22,10:40,WL,UYGR,Removed,F,5,10.5,A,3,NA,NA,N,NA,NA,NA,NA,,FALSE
9/9/22,9:30,WL,UYGR,Removed,F,4,9,A,3,NA,NA,N,NA,NA,NA,NA,,FALSE
9/15/22,9:55,WL,UYGR,Removed,F,4,8.5,A,3,NA,NA,N,NA,NA,NA,NA,,FALSE
9/22/22,10:40,WL,UYGR,Removed,F,5,7,A,3,NA,NA,N,NA,NA,NA,NA,,FALSE
8/22/22,10:23,WL,UYKR,Removed,F,3,8,A,3,NA,NA,N,NA,NA,NA,NA,,FALSE
8/29/22,8:25,WL,UYKR,Removed,F,2,7.5,A,3,NA,NA,N,NA,NA,NA,NA,,FALSE
9/6/22,11:40,WL,UYKR,Removed,F,1,3,A,3,NA,NA,N,NA,NA,NA,NA,,FALSE
9/12/22,9:33,WL,UYKR,Removed,F,1,5.5,A,3,NA,NA,N,NA,NA,NA,NA,,FALSE
9/19/22,9:21,WL,UYKR,Removed,F,3,3,A,3,NA,NA,N,NA,NA,NA,NA,,FALSE
9/19/22,9:21,WL,UYKY,Removed,F,1,3,A,3,NA,NA,N,NA,NA,NA,NA,originally entered as UYKW,FALSE
8/26/22,11:30,WL,UYKY,Removed,F,2,6,A,3,NA,NA,N,NA,NA,NA,NA,,FALSE
9/1/22,10:40,WL,UYKY,Removed,F,2,5.5,A,3,NA,NA,N,NA,NA,NA,NA,,FALSE
9/9/22,10:15,WL,UYKY,Removed,F,2,4.5,A,3,NA,NA,N,NA,NA,NA,NA,,FALSE
9/15/22,9:55,WL,UYKY,Removed,F,2,4,A,3,NA,NA,N,NA,NA,NA,NA,,FALSE
8/26/22,11:30,WL,UYW,Removed,F,1,5,A,3,NA,NA,N,NA,NA,NA,NA,,FALSE
9/1/22,10:40,WL,UYW,Removed,F,3,6,A,3,NA,NA,N,NA,NA,NA,NA,,FALSE
9/9/22,10:15,WL,UYW,Removed,F,2,5,A,3,NA,NA,N,NA,NA,NA,NA,,FALSE
9/15/22,9:55,WL,UYW,Removed,F,3,4.5,A,3,NA,NA,N,NA,NA,NA,NA,,FALSE
9/22/22,10:40,WL,UYW,Removed,F,1,4,A,3,NA,NA,N,NA,NA,NA,NA,,FALSE
7/26/21,11:21,WL,YBBB,Removed,F,NA,8,A,3,NA,NA,N,NA,NA,NA,NA,NA,FALSE
8/2/21,10:45,WL,YBBB,Removed,F,NA,7,A,3,NA,NA,N,NA,NA,NA,NA,NA,FALSE
8/9/21,9:31,WL,YBBB,Removed,F,NA,5,A,3,NA,NA,N,NA,NA,NA,NA,NA,FALSE
8/16/21,15:30,WL,YBBB,Removed,F,NA,4.5,A,3,NA,NA,N,NA,NA,NA,NA,,FALSE
8/23/21,9:40,WL,YBBB,Removed,F,NA,5,A,3,NA,NA,N,NA,NA,NA,NA,light orange blood,FALSE
8/30/21,9:23,WL,YBBB,Removed,F,NA,5,A,3,NA,NA,N,NA,NA,NA,NA,orange blood,FALSE
7/22/21,8:50,WL,YBBG,Removed,F,NA,9,A,3,NA,101-0177,N,NA,NA,NA,NA,NA,FALSE
7/29/21,9:25,WL,YBBG,Removed,F,NA,8,A,3,NA,101-0203,N,NA,NA,NA,NA,NA,FALSE
8/6/21,9:18,WL,YBBG,Removed,F,NA,7,A,3,NA,10:06,N,NA,NA,NA,NA,NA,FALSE
8/12/21,9:32,WL,YBBG,Removed,F,NA,6.5,A,3,NA,101-0023,N,NA,NA,NA,NA,Vibrant orange blood,FALSE
8/19/21,8:12,WL,YBBG,Removed,F,NA,5.5,A,3,NA,101-0073,N,NA,NA,NA,NA,,FALSE
8/26/21,9:35,WL,YBBG,Removed,F,NA,5,A,3,NA,101-0092,N,NA,NA,NA,NA,,FALSE
9/2/21,10:15,WL,YBBG,Removed,F,NA,4,A,3,NA,101-0014,N,NA,NA,NA,NA,new brood,FALSE
7/26/21,11:21,WL,YBKY,Removed,F,NA,8,A,3,NA,NA,N,NA,NA,NA,NA,NA,FALSE
8/2/21,10:45,WL,YBKY,Removed,F,NA,7,A,3,NA,NA,N,NA,NA,NA,NA,NA,FALSE
8/9/21,9:31,WL,YBKY,Removed,F,NA,6,A,3,NA,NA,N,NA,NA,NA,NA,NA,FALSE
8/16/21,15:30,WL,YBKY,Removed,F,NA,5.5,A,3,NA,NA,N,NA,NA,NA,NA,,FALSE
8/23/21,9:40,WL,YBKY,Removed,F,NA,5,A,3,NA,NA,N,NA,NA,NA,NA,,FALSE
8/30/21,9:23,WL,YBKY,Removed,F,NA,5.5,A,3,NA,NA,N,NA,NA,NA,NA,,FALSE
7/22/21,8:50,WL,YBW,Removed,F,NA,7,A,3,NA,101-0176,N,NA,NA,NA,NA,NA,FALSE
7/29/21,9:25,WL,YBW,Removed,F,NA,5.5,A,3,NA,101-0202,N,NA,NA,NA,NA,NA,FALSE
8/6/21,9:18,WL,YBW,Removed,F,NA,4.5,A,3,NA,10:04,N,NA,NA,NA,NA,NA,FALSE
8/12/21,9:32,WL,YBW,Removed,F,NA,5,A,3,NA,101-0022,N,NA,NA,NA,NA,NA,FALSE
8/19/21,8:12,WL,YBW,Removed,F,NA,4.5,A,3,NA,101-0072,N,NA,NA,NA,NA,,FALSE
8/26/21,9:35,WL,YBW,Removed,F,NA,4,A,3,NA,101-0091,N,NA,NA,NA,NA,,FALSE
9/2/21,10:15,WL,YBW,Removed,F,NA,4,A,3,NA,101-0013,N,NA,NA,NA,NA,,FALSE
7/29/21,9:25,WL,YBWG,Removed,F,NA,7,A,3,NA,101-0200,N,NA,NA,NA,NA,NA,FALSE
8/6/21,9:18,WL,YBWG,Removed,F,NA,4,A,3,NA,10:01,N,NA,NA,NA,NA,NA,FALSE
8/12/21,9:32,WL,YBWG,Removed,F,NA,8,A,3,NA,101-0020,N,NA,NA,NA,NA,NA,FALSE
8/19/21,8:12,WL,YBWG,Removed,F,NA,8.5,A,3,NA,101-0071,N,NA,NA,NA,NA,found in P-BGG's cell, moved to cell E3,FALSE
8/26/21,9:35,WL,YBWG,Removed,F,NA,8.5,A,3,NA,101-0090,N,NA,NA,NA,NA,,FALSE
9/2/21,10:15,WL,YBWG,Removed,F,NA,8,A,3,NA,101-0012,N,NA,NA,NA,NA,,FALSE
7/26/21,11:21,WL,YBWY,Removed,F,NA,8.5,A,3,NA,NA,N,NA,NA,NA,NA,NA,FALSE
8/2/21,10:45,WL,YBWY,Removed,F,NA,8.5,A,3,NA,NA,N,NA,NA,NA,NA,NA,FALSE
8/9/21,9:31,WL,YBWY,Removed,F,NA,5,A,3,NA,NA,N,NA,NA,NA,NA,NA,FALSE
8/16/21,15:30,WL,YBWY,Removed,F,NA,7,A,3,NA,NA,N,NA,NA,NA,NA,,FALSE
8/23/21,9:40,WL,YBWY,Removed,F,NA,6.5,A,3,NA,NA,N,NA,NA,NA,NA,,FALSE
8/30/21,9:23,WL,YBWY,Removed,F,NA,6,A,3,NA,NA,N,NA,NA,NA,NA,,FALSE
7/26/21,11:21,WL,YBY,Molted,F,NA,7,M,2,NA,NA,N,NA,NA,NA,NA,NA,TRUE
7/26/21,11:21,WL,YBYB,Molted,F,NA,10,A,3,NA,NA,N,NA,NA,NA,NA,NA,TRUE
8/2/21,10:45,WL,YBYB,Molted,F,NA,9.5,A,3,NA,NA,N,NA,NA,NA,NA,NA,TRUE
8/9/21,9:31,WL,YBYB,Molted,F,NA,8.5,A,3,NA,NA,N,NA,NA,NA,NA,NA,TRUE
7/26/21,11:21,WL,YBYK,Removed,F,NA,8,A,3,NA,NA,N,NA,NA,NA,NA,NA,FALSE
8/2/21,10:45,WL,YBYK,Removed,F,NA,7,A,3,NA,NA,N,NA,NA,NA,NA,NA,FALSE
8/9/21,9:31,WL,YBYK,Removed,F,NA,7.5,A,3,NA,NA,N,NA,NA,NA,NA,NA,FALSE
8/16/21,15:30,WL,YBYK,Removed,F,NA,7,A,3,NA,NA,N,NA,NA,NA,NA,,FALSE
8/23/21,9:40,WL,YBYK,Removed,F,NA,7,A,3,NA,NA,N,NA,NA,NA,NA,,FALSE
8/30/21,9:23,WL,YBYK,Removed,F,NA,7,A,3,NA,NA,N,NA,NA,NA,NA,,FALSE
7/22/21,8:50,WL,YYG,Molted,F,NA,13.5,A,3,NA,101-0158,N,NA,NA,NA,NA,NA,TRUE
